:020000040800F2
:1000000000400020A1020008E9020008E9020008FF
:10001000E9020008E9020008E90200080000000007
:10002000000000000000000000000000E9020008DD
:10003000E902000800000000E9020008E9020008E7
:10004000E9020008E9020008E9020008E9020008E4
:10005000E9020008E9020008E9020008E9020008D4
:10006000E9020008E9020008E9020008E9020008C4
:10007000E9020008E9020008E9020008E9020008B4
:10008000E9020008E9020008E9020008E52000088A
:10009000DD200008E1200008F9200008E90200083E
:1000A000E9020008E9020008E9020008E902000884
:1000B000E9020008E9020008E9020008E902000874
:1000C000E9020008E9020008E9020008E902000864
:1000D000E9020008E9020008E9020008E902000854
:1000E000E9020008E9020008E90200080000000037
:1000F0000000000000000000000000000000000000
:1001000000000000E9020008E90200080000000009
:10011000E9020008E90200080000000000000000F9
:10012000E9020008E9020008E9020008E902000803
:1001300000000000000000000000000000000000BF
:10014000000000000000000000000000E9020008BC
:100150000000000000000000E9020008E9020008B9
:10016000000000000000000000000000E90200089C
:1001700053B94AB9002908BF00281CBF4FF0FF310E
:100180004FF0FF3000F00CB8ADF1080C6DE904CE73
:1001900003F044F9DDF804E0DDE9022304B0704720
:1001A000704700BF000000000000000000000000D9
:1001B00001F0FF01102A2BDB10F0070F08D010F818
:1001C000013B013A8B422DD010F0070F42B3F6D11C
:1001D000F0B441EA012141EA014122F007047FF035
:1001E00000070023F0E80256083C85EA010586EA8C
:1001F000010685FA47F5A3FA87F586FA47F6A5FAC8
:1002000087F68EB9EED1F0BC01F0FF0102F00702D3
:1002100032B110F8013B013A83EA010313B1F8D17E
:100220000020704701387047002D06BF354603385F
:10023000073815F0010F07D1013015F4807F02BF98
:10024000013015F4C03F0130F0BC0138704700BFE9
:10025000034613F8012B002AFBD1181A0138704706
:1002600010B5054C237833B9044B13B10448AFF3F0
:1002700000800123237010BDA9130020000000009E
:10028000C037000808B5034B1BB103490348AFF35F
:10029000008008BD00000000AC130020C03700083B
:1002A000002103E00B4B5B58435004310A480B4BD1
:1002B00042189A42F6D30A4A02E0002342F8043B6D
:1002C000084B9A42F9D300F005FE03F00FFA00F054
:1002D00033FE704774390008000000200C00002035
:1002E00010000020C4130020FEE703686FF34103F1
:1002F0000360036843F0010303604FF480334268F6
:10030000D20701D4013BFAD1436813F0010325D091
:100310000B88C269013B63F30B02C261C3698A782F
:1003200062F31963C361C369CA7862F31343C3619B
:10033000C3690A7962F31653C36103686FF300035C
:1003400003604FF480334268D20701D5013BFAD1F4
:10035000406800F0010080F00100704718467047C7
:10036000002343708370C370037143718371037002
:10037000704703686FF341030360036843F00103B0
:1003800003604FF480334268D20701D4013BFAD1B5
:10039000436813F0010339D003684A7862F3C71346
:1003A000036003688A7862F3861303600368CA787F
:1003B00062F34513036003680A7962F30413036070
:1003C00003684A7962F3C303036003688A7962F3BE
:1003D00082030360C2690B7863F39E72C261C269D3
:1003E000C3F3400363F3DF72C26103686FF300037A
:1003F00003604FF480334268D20701D5013BFAD144
:10040000406800F0010080F0010070471846704716
:10041000D0F80032CA7843F00103C0F8003270B55A
:10042000D0F81C320124944023EA0403C0F81C32A3
:100430000B79E543E3B1012B36D04B78002B4FD03D
:10044000012B53D08B78002B54D0012B58D00B7834
:10045000002B59D0012B04D1D0F81C321C43C0F81A
:100460001C42D0F800326FF30003C0F8003270BDB8
:10047000D0F80C322B40C0F80C328B8900EBC20252
:100480001B04C2F84032D2F840620B893343C2F8F1
:1004900040324B891B04C2F84432D2F84462CB8804
:1004A0003343C2F84432C8E7D0F80C32CE88234335
:1004B000C0F80C3200EBC2033604C3F84062D3F834
:1004C00040620A893243C3F840224A891204C3F8C1
:1004D0004422D3F844628A893243C3F84422ACE709
:1004E000D0F804322B40C0F80432ABE7D0F8043225
:1004F0002343F8E7D0F814322B40C0F81432A6E7B3
:10050000D0F814322343F8E7D0F81C322B40C0F85F
:100510001C32A6E7F0B582685401034635D48268E0
:10052000100134D49A68D20041D5022003EB0014A4
:10053000D4F8802102F00102C4F8802100F11802F1
:1005400015010E7A5F5966F382075F510EB3012ED3
:1005500025D014014E7A1D5966F341051D5103EB58
:1005600002128E7A556866F30305556003EB00129C
:10057000D1F80B50C2F88851D1F80F10C2F88C1185
:100580001A5942F001021A51F0BD0020CEE70120B5
:10059000CCE70E685C5966F35F545C51D9E7D4F838
:1005A00080514E6845EAC605C4F88051D1E7042061
:1005B000EAE711B1012903D070472023C3607047D7
:1005C00020230361704701F11B0370B41C0105591E
:1005D000C5F38006167204596D0755BF640DE40813
:1005E000146054601C0100EB03130459C4F340046D
:1005F00054725C68C4F3030494725B68C3F307230A
:10060000D37400EB011303F5DC74D3F8B851D57241
:10061000D3F8B851C5F307251573D3F8B851C5F30E
:1006200007455573D3F8B831C3F307639373636811
:10063000D3736368C3F3072313746368C3F3074377
:1006400053746368C3F3076370BC9374FFF7B1BF5F
:10065000436912B119434161704723EA0101FAE786
:10066000114B1A6842F001021A601A689207FCD511
:100670005A686FF301025A605A6812F00C0FC2F305
:100680008101F9D11A6822F0867222F480321A6050
:1006900041F610725960DA624FF480121A634FF417
:1006A0001F029A60704700BF00100240030C03F164
:1006B000804303F5043300F01F001A68012303FA96
:1006C00000F030EA02030CBF012000207047030C49
:1006D00003F1804303F50433012200F01F0002FA06
:1006E00000F091421A680CBF104322EA0000186023
:1006F0007047000004281FD8DFE800F003090E133C
:1007000019000E4B1A6861F300021A6070470B4B18
:100710001A6861F31042F8E7084B1A6861F318622F
:10072000F3E7064B1A6A61F300021A627047034B43
:100730005A6A61F300025A62704700BF001002401B
:10074000024B5A6860F307125A607047001002406B
:10075000024B5A6860F30A225A6070470010024048
:10076000024B5A6860F3CD225A6070470010024075
:1007700010B51A4B5A6820B960F3104218485A60F5
:1007800009E042F480325A6001285A6821D16FF39F
:10079000514214485A606FF41874A0F56E12224446
:1007A000114CA24218D9114A02441148824294BF06
:1007B00002220022586861F3954058605868C1F3DE
:1007C000011161F35E705860D96A62F31A61D962EF
:1007D00010BD42F40032D1E70022EBE700100240E6
:1007E00000093D0000127A00DEC810006BCA88FFC5
:1007F0007AE50700024B5A6860F301025A607047BD
:1008000000100240024B5868C0F38100704700BFDF
:100810000010024070B53A4C636813F00C0F0546A7
:10082000C3F381021AD0022A45D16068E36A002B23
:10083000C0F3004048DB6368626812F0C04FC3F346
:100840008343C2F3417101D10F2B36D1013303EB46
:100850000113002833D12B4A534306E0636D9805FA
:1008600029D5236B990126D5274B2B606368274A2E
:100870002748C3F30313D15C2B68CB406B606168DE
:10088000C1F302211144097C23FA01F1E960616896
:10089000C1F3C221415CCB40AB6060686168C0F3CA
:1008A0000070C1F3813141EA80010A44127EB3FB3A
:1008B000F2F32B6170BD174BD7E70233C9E76268CB
:1008C0009203C8D4134AC7E7E26AE16AE36AC2F353
:1008D0000312C1F3082103F0070370B160680D4EE5
:1008E00010F4003F074808BF30469A40A1FB0001C2
:1008F0000023FFF73DFC2860B8E70248F5E700BF9A
:100900000010024000093D00006CDC02D8370008EE
:10091000E837000800127A00044B5A6D01280CBF1A
:1009200042F030026FF305125A6570470010024022
:10093000024BCA225A6253225A6270470028004072
:1009400007B500230193074B03EB80030193FFF7E7
:10095000EFFF019B1960044BFF225A6203B05DF860
:1009600004FB00BF502800400028004082B0002354
:100970000193044B03EB80030193019B186802B0C1
:10098000704700BF50280040014BD860704700BF3F
:1009900000200240084BDA68D10709D4DA68520710
:1009A00008D4DB6813F0100F14BF02200320704737
:1009B00000207047012070470020024010B5044617
:1009C000FFF7E8FF30B90CB9042010BDFFF7E2FFD4
:1009D000013CF7E7002C08BF0420F6E7034B044A6C
:1009E0005A6002F188325A60704700BF002002400E
:1009F00023016745024A136943F08003136170477E
:100A00000020024010B5094C236943F00203236122
:100A10006061236943F0400323614FF08040FFF79A
:100A2000CDFF23696FF34103236110BD0020024015
:100A300010B5074C236943F00103236101604FF4B3
:100A40008010FFF7BBFF23696FF30003236110BD24
:100A500000200240F0B50A688E7994B2032E254634
:100A60001AD076B94979182901F00F0305D104612C
:100A7000D2B29AB9FF2C27D8F0BD2829F8D1446109
:100A8000F6E70B79C97903F0040306F0080633434F
:100A900001F003010B43EBE70023E9E700210F27F7
:100AA00045FA01F2D6070BD506688A0007FA02FC60
:100AB00026EA0C060660066803FA02F23243026078
:100AC00001310829ECD1D5E7240A00210F2644FA88
:100AD00001F2D2070BD545688A0006FA02F725EA2B
:100AE00007054560456803FA02F22A434260013176
:100AF0000829ECD1C0E70000024B4FF6FF72C0E9B5
:100B00000023704700040003C0F3072330B5C3F18E
:100B10002003C0F307441A1B4FF0FF339340D34028
:100B2000020E02F1804202F58032E3401568A340D4
:100B300025EA030309B9136030BDC0B2A0401843D1
:100B40001060F9E7194BF0B5DC68C4F30224C4F176
:100B50000706042E04F1040328BF04264FF0FF37D4
:100B6000062B07FA06F38CBF033C002421EA03039B
:100B7000A34007FA04F422EA040423431B010028DB
:100B8000C5B2DBB20CDB0A4A111881F8003301232D
:100B9000400905F01F0503FA05F542F82050F0BDA5
:100BA000044A05F00F055355F9E700BF00ED00E0DA
:100BB00000E100E014ED00E000280DDB4309012214
:100BC00000F01F0002FA00F02033044A42F823002C
:100BD000BFF34F8FBFF36F8F704700BF00E100E09E
:100BE0000749CA6822F4E0620302120403F4E063D6
:100BF000120C134343F0BF6343F40033CB607047E0
:100C000000ED00E0024B1A6860F308221A6070479A
:100C1000007000402DE9F84342EA01039B070546B6
:100C20000E46144631D14FEA9108FFF7D7FE184B14
:100C3000B3F8E030802B8CBF4FF400624FF4806239
:100C4000B4FBF2F302FB134313B92046FFF7DAFEBD
:100C500005EB88082F46A4EB050947450BD1FFF7A4
:100C6000C9FE32462146284602F064FDB0FA80F003
:100C70004009BDE8F883396809EB0700FFF7D8FEA3
:100C80000320FFF781FE0437E7E70020F1E700BF0C
:100C900000F7FF1F02F05EBD10B5154B1B78012B4E
:100CA00003D0144B00221A8010BD134C236803F1AB
:100CB0006043B3F5803FF4D8636803F17843A3F54C
:100CC0008043B3F5802FECD800F052FF0028E8D025
:100CD00001F09DF972B6094B1A686FF300021A60B1
:100CE000D4E900329D4683F308881047DCE700BF53
:100CF00000F8010810000020004000080004004037
:100D000070B51448ADF5806DFFF7D0FC01281ED1F9
:100D1000114CA378112B1AD0013BDBB2FD2B16D856
:100D20004FF480622146684602F014FD0B4E1123F9
:100D30008DF802306D46224628464FF4807104F546
:100D40008074FFF767FFB44205F58075F3D10DF5A8
:100D5000806D70BD1C00240000F8010800FC010833
:100D60000549064B4A6A92B25A804B6A9B1A9BB25B
:100D70009842FAD8704700BF0004004010000020DD
:100D8000074A10231361136823F4702343F40033DC
:100D90001360044B1B7913B13420FFF7E1BF704798
:100DA000000C014010000020F8B50C4E102705463D
:100DB00077613420FFF7D4FF0824EB074CBF37617D
:100DC00077613420013CFFF7CBFF14F0FF044FEABA
:100DD0005505F2D1014B10221A61F8BD000C0140FB
:100DE000034A136823F4702343F4C013136070475D
:100DF000000C014010B50446FFF7C2FF2046FFF784
:100E0000D3FFBDE81040FFF7EBBF000008B530206E
:100E1000FFF7F0FF014B00221A8008BD10000020F0
:100E200008B5C220FFF7E6FF024A1388013313809A
:100E300008BD00BF1000002008B5C120FFF7DAFF91
:100E4000024A13880133138008BD00BF1000002040
:100E500038B504460D46FFF793FF254414F8010BFF
:100E6000FFF7A2FF3420FFF77BFFAC42F6D1BDE8CD
:100E70003840FFF7B5BF000008B504480921FFF767
:100E8000E7FF034B01221A7108BD00BF5839000863
:100E9000100000200A4A536D9B050FD5136B0949BA
:100EA00013F0007F084B18BF0B4652680749C2F386
:100EB00003128A5CD340064A13607047024BF4E782
:100EC00000100240006CDC0200127A00F8370008C3
:100ED0000000002070470023F0B504464AF20107E5
:100EE0001846994200DCF0BDE55C082285EA000660
:100EF00016F0010F4FEA500018BF784002F1FF32A0
:100F000018BF80B212F0FF024FEA5505EED101334F
:100F1000E7E7000010B5074C0146601DFFF7DBFF57
:100F200021448A794B7943EA02231B1A58425841DB
:100F300010BD00BF100000202DE98048B94B85B0DE
:100F40004FF4AA7200AF1A60FFF78AFB012100205C
:100F5000FFF7D0FB0120FFF7A9FB01280446F9D1D8
:100F600023210020FFF704FC21460220FFF7C2FBEB
:100F70001920FFF79BFB01280446F9D10020FFF759
:100F8000DFFB0420FFF7ECFB0420FFF7E1FB20462A
:100F9000FFF7C2FC0220FFF72DFCFFF733FC02280D
:100FA000FBD10020FFF7B8FCFFF774FF9E489F4E6F
:100FB0000121FFF78CFB9E4B9E488F229A624FF6D1
:100FC000FF72DA625A6942F001025A611A6842F00D
:100FD00001021A600121FFF77AFB97480121FFF710
:100FE00076FB01214FF4C010FFF771FB01219348FC
:100FF000FFF78AFD07F10800FFF77EFD904B1021F7
:10100000C7E90213304607F10801FFF723FD3368F3
:1010100023F4702343F4201333604FF4FA70FFF786
:101020009FFE00242546B368DA065CBF0135ADB2E9
:101030000A20FFF795FEB5F5E17F88BF4FF47A648B
:101040000134B4F57A6FEEDBB5F5E17F06D97D4862
:10105000FFF72CFB012801D0FFF71EFE734E33680B
:1010600023F4702343F4C0134FF4FA703360FFF796
:1010700077FE0446B368DB0658BF01354FF00A001F
:1010800058BFADB2FFF76CFE013CF3D1D5B1674E4E
:10109000336823F4702343F480234FF4FA703360F1
:1010A000FFF75EFE0546B368D80658BF01344FF01F
:1010B0000A0058BFA4B2FFF753FE013DF3D10CB1B3
:1010C000FFF7EAFD594A5A4D136823F4702343F49D
:1010D000C0131360FFF714FE5B4C4FF000084FF491
:1010E00081724146601D84F8078102F041FBFFF7E1
:1010F00077FE04F1050AC146002384F808316A6AC4
:101100004A4992B2628044F620608B6813F0100F57
:101110006B6A41D0454E63806288B368D90648D473
:101120001A20FFF71DFEB36813F010033AD1DFF861
:10113000FCB07B603420FFF713FEDBF808607B68AF
:1011400094F80821C6F300169E4016430133F6B208
:10115000082B84F80861ECD1FFF702FEDBF80830B9
:10116000DB061FD5012384F8073194F80931002BE1
:1011700070D0B4F80A31023399452DD009F1010934
:101180008AF800601FFA89F908F10108B8F5817F33
:101190000AF1010AB0D11BE09B1A9BB28342B4D979
:1011A0006523238094F8073193B923880133238082
:1011B0002AE06B6A9B1A9BB2B3F5827FADD900F02F
:1011C00077FD08B1FFF768FD94F80731002BA3D035
:1011D00094F80931002B51D0B4F80A613046FFF77A
:1011E00099FE002847D04FF480720021174802F082
:1011F000BFFA1749324601F2071002F0ABFAFFF7C7
:1012000005FE002384F809312388642B01D9FFF7F8
:1012100043FD00F04DFD00283FF45EAFFFF73CFDBD
:101220005AE700BF0020024001001C00000C0140F2
:1012300000040040020018000300180002031030F0
:10124000000400011C002400100000201C010020EC
:10125000150000206B6A62889B1A9BB2FA2B0DD88E
:1012600040F20113984508BF23888AF8006004BF44
:101270001433238088E7FFF7D3FDC5E7637D6079EA
:101280007D2B0AD1637B0D2BBED1A37B422BBBD11F
:10129000FFF7F2FD00236376B6E7637E7D2B05D171
:1012A000637C0D2B02D1A37C422BF1D094F82D301E
:1012B0007D2B07D194F825300D2B03D194F82630DF
:1012C000422BE5D058B9E279A3791343227A13432C
:1012D00001D165232380C120FFF78CFD65E701283C
:1012E0001ED10220FFF716FE0028C4D0D4F80C222D
:1012F000584B9A4202D2FFF79FFD85E7564BB4F850
:101300000A119A4204D1022984BF112384F80E31B4
:101310005248FFF77FFC0028EDD0FFF777FD73E719
:10132000FF2822D10420FFF7F5FD0028A3D00023D9
:101330002380B4F807305BBA9BB2202BC4F80C3280
:1013400003D1454BC4F80C32E7E7212B01D1444BC4
:10135000F8E7222B02D1D4F81032F3E7B3F5806F0F
:10136000C9D39B0003F10063ECE7FE2813D10420EE
:10137000FFF7D0FD00283FF47EAFE379012B14BFC7
:10138000237A4FF48073A4F80A31012384F80931D9
:10139000FFF726FD38E7FD2809D10220FFF7BAFD47
:1013A00000283FF468AFC120FFF724FD2CE7022896
:1013B0000AD1FFF7AFFD00283FF45DAFD4F80C224F
:1013C000244B9A4297D3A8E7032884D10220E84609
:1013D000FFF7A0FD18B9FFF723FDC54614E7D4F8C1
:1013E0000CA2BAF1000F02D1FFF726FDF5E7A679AE
:1013F000002E08BF4FF4807606F10A0323F007039E
:10140000ADEB030D06F103094A460021684602F0E0
:10141000AFF9324651466846FFF73CFC3146684614
:10142000FFF759FD731C0DF80600000A0DF80300C4
:10143000B31C30220DF8032049466846FFF708FD2B
:10144000D4F80C323344C4F810320023C4F80C3200
:10145000C3E700BF0040000800F801081C0100209D
:10146000E0F70108BFF34F8F0549064BCA6802F445
:10147000E0621343CB60BFF34F8F00BFFDE700BFB7
:1014800000ED00E00400FA05094A136849F269001A
:1014900099B21B0C00FB01335068136044F2506199
:1014A00083B2000C01FB0300506080B2704700BFA4
:1014B000040000200A4B586A0A4B1A8880B2824204
:1014C00007D9D3E9022112F5803241F10001C3E9C5
:1014D0000221D3E902211880801841F100017047F0
:1014E000000400402802002008B5FFF7E3FF4FF496
:1014F0007A720023FEF73CFE08BD000030B50A4DAD
:101500000346014400208B4200D130BD13F8012B6B
:101510005040082240F30004013A2C4012F0FF0230
:1015200084EA5000F6D1EEE72083B8ED0000000019
:10153000012B30B518461ED10A2A18D005D8012A29
:1015400009D0052A0DD0002010E0282AFBD11BA3CA
:10155000D3E9002308E01BA5D5E90045C1E9004512
:1015600011E01AA3D3E90023C1E9002330BD19A378
:10157000D3E90023F8E743B9302AF7D117A3D3E919
:101580000023C1E900230120F0E7022BDBD1012A6F
:1015900007D040F206439A42D5D1074B01221A7474
:1015A000D1E703A5D5E90045D8E700BFAFF3008038
:1015B000401DA12026812A0B28020020264172729C
:1015C000DF25D7B79E6AC421818A46EEF017304ADC
:1015D00039059E56CDD269EBC51A133B78F6339F79
:1015E00093CACD8D000000002DE9F041ADF5487D96
:1015F00066AC0D4606464FF4C4720021204602F048
:10160000B7F8FFF757FF224A0023FEF7B1FD214B41
:1016100043F8140F93E80700112384E8070000271C
:1016200023820DF5DD7040F202332384A7746761D5
:1016300000F02AFC502218490DF2CB2002F0A0F84D
:1016400050210DF2CB2002F0AEF80DF11C0884F809
:1016500032014146204600F096FEAB7E029305F132
:101660001903019380B20123CDE904800093E97E40
:10167000039705A3D3E90023304601F0AAFA0DF53C
:10168000487DBDE8F08100BF9E6AC421818A46EE94
:1016900040420F00280200204038000800000000EF
:1016A00030B5C5B004467C22002125A802F060F8C0
:1016B0002046FEF7CDFD06ADC2B28DF8B50021463D
:1016C0000DF1B60002F046F8294625A800F046FDC7
:1016D0000D4C1823029304F14C03019380B243F69E
:1016E000FF73CDE90350009304F1200004A3D3E974
:1016F000002301F011FA45B030BD00BFAFF3008008
:10170000759D040C8EA454D6280200200000000011
:101710002DE9F0430C46FDB0064649A9204600F0ED
:1017200095FD00283AD1224D94F81B9095F8503140
:101730009DF825814B4507D142460DF5937105F182
:10174000500001F0F7FF48B3002742460DF59371B2
:101750001848C5F8587185F8509102F011F807AD96
:101760008122394628A802F003F8294628A800F06B
:1017700097FDA37E029304F1190380B201932823FD
:10178000CDE904500093E17E039707A3D3E900233A
:10179000304601F01EFA0848FFF782FF7DB0BDE831
:1017A000F08300BFAFF3008026417272DF25D7B708
:1017B00028020020780200205538000870B50C4C33
:1017C0000C4EA0830D46FFF775FED4E95832C31ABC
:1017D00061EB02029E424FF00003934106D2C4E93E
:1017E00058012846BDE87040FFF75ABF70BD00BFE2
:1017F00028020020404B4C0010B5E6B0184CFFF713
:1018000059FE0023174AFEF7B3FC4FF400732383FD
:101810000023A37694F8503160612BB1D4F858318D
:101820009B0AA3830323637607AC21460E4800F08E
:101830004BFE80B2CDE9034018230C48029340F2DE
:10184000551301900093A0F5A47003A3D3E90023DE
:1018500001F062F966B010BDF1C6A7C1D068080FEB
:101860002802002040420F003C020020900300208C
:1018700030B5214CF1B0FFF737FED4F8543123B125
:10188000C31A40F2ED22934230D9C4F85401D82251
:1018900000213AA801F06CFF1848FEF7D9FCD4F8F3
:1018A000583116498DF8F000C2B23A9306AD0023C4
:1018B0000DF1F1003B9301F04DFF29463AA800F0ED
:1018C00013FD082380B20122CDE90232CDE9045094
:1018D00030230B480190009394F850116FF49874E2
:1018E00003A3D3E90023204401F073F971B030BDA4
:1018F00078F6339F93CACD8D28020020780200200D
:10190000790300201FB510220021684601F030FF46
:10191000084C684600F0B6FB002801DC04B010BD9E
:10192000FFF7C8FD02460B462046694601F056FB0C
:10193000EFE700BF4802002010B5074C204601F039
:101940006AF900B910BD00F071FB0028FAD02046FA
:1019500001F065F9F2E700BF4802002030B5284CDD
:10196000437E94F85111013303F01F038B42C3B03F
:1019700004D1C27E94F850319A4205D0214843B038
:10198000BDE83040FFF78CBE01A900F0D0FC20B1CB
:101990001D48FFF785FE43B030BDBDF90450D4F8B3
:1019A00058212DB1002AF6D084F850011748F0E7ED
:1019B000BDF8061002F10062073102F5804221F005
:1019C000070102A8FFF726F9BDF80620D4F8583120
:1019D000FF2A1344C4F858310AD80D48FFF760FEB7
:1019E0002946284684F8505100F0A8FBFFF73AFD3D
:1019F000C4F85451FFF73CFFFFF79EFFCBE700BF51
:101A0000280200206D38000889380008A538000831
:101A1000C238000800000000F0B50B7E012B93B027
:101A200007460C460FD1CB8A0A2B3FD009D8012B91
:101A300036D0052B07D10021084600F07FFBFFF7C9
:101A400011FD282B2FD0237E2BB9E38A302B02D116
:101A50002046FFF783FF237E022B1FD1E38A012B51
:101A60001CD13F4D05F1200001F011F8B0B9FFF78E
:101A70003BFD0646FFF708FD4FF4C87306F51676E2
:101A8000B0FBF3F202FB130316FA83F3C5F86C31D3
:101A9000E37E002B3CD10023C5F8703113B0F0BDBC
:101AA000FFF7A2FDCFE7FFF733FECCE708A92046FA
:101AB00000F031FD01460028C5D110220CA801F02C
:101AC00057FE9DF82050012D09D12648FFF7E8FD6B
:101AD000254A26483021FFF79DF88DF8385006AD8D
:101AE00029460CA800F02EFD80B2CDE90450002359
:101AF0000393A37E029304F1190301930A23009335
:101B0000E17E15A3D3E90023384601F062F89AE795
:101B10000CA9204600F067FB0028BFD108A800F000
:101B2000B3F99DF8324008A922460DF1330001F0C7
:101B300001FE0028AFD10F2C08D8D5F86C31C5F8BC
:101B40007041A3F51673C5F86C31A7E79DF8301006
:101B5000384600F095FFA1E7CDD269EBC51A133BDB
:101B600028020020DB38000800F8010808380008C7
:101B70002DE9F341404E96F8504174BB204600F0E9
:101B8000CFFA44F2C72380B2984205D10E23B38323
:101B9000204602B0BDE8F081384B394C93E8030091
:101BA000E84688E803004FF4DC37FA1FE6212046B8
:101BB000FEF7FEFA054660B10822414601F0BAFD83
:101BC00000284BD02C1BE4432744072F05F10104C8
:101BD000EBD82C490A20FFF7F1FD0024D8E72A486A
:101BE000042205F1140101F0A5FD074610B12749B3
:101BF0000C203DE005F178412148A1F58041FFF737
:101C00007DFCEB6898420CD105F12C0000F1784185
:101C1000A1F58041A8EB0101FFF770FC2B69984208
:101C200002D01B490D20D6E7347C14B919490D2088
:101C30001EE0194DB78329784B1EDBB2FD2B0AD964
:101C40001648FFF72DFD16482A463021FEF7E2FF21
:101C5000144911200CE001299AD0F9E715F003048A
:101C6000B7D1D5F80880B8F5DC3FB8D90E490B20BC
:101C7000FFF7A4FD8CE700BF2802002038380008D9
:101C800000400008F13800085038000811390008F9
:101C9000203900083139000800F80108DB38000855
:101CA000083800083B39000802390008000000002D
:101CB0002DE9F043644C94F874818DB0B8F1000FB5
:101CC0003DD1624B624900934FF48052614BCDF895
:101CD000048004F12000012784F8747100F0A9FE4B
:101CE000404600F01DFA44F2C72382B29A420646EB
:101CF00005D0594B1A78012A78D000211AE0050E38
:101D0000384600F00DFA0746022000F009FA814635
:101D10006FB130024FEA164309D4F822414604F16C
:101D2000580084F8503101F023FDC4E91479002DE6
:101D3000DFD0E9B2494800F0A3FE00F0B1F800F0AE
:101D400066F9FFF7F9FD454800F0A1FE06460028B8
:101D500053D1FFF7C9FBD4F86C31984240D9FFF753
:101D6000C3FB0546FFF790FB4FF4C87305F51675E6
:101D7000B0FBF3F202FB130315FA83F3C4F86C31E2
:101D8000D4F870318DF8186013B901238DF818302C
:101D900008A800F079F8D4F87011C1F11005EDB27F
:101DA000062D28BF062508AB2A4619440DF1190057
:101DB00001F0D0FC06AB2A480393013518230293A7
:101DC0006FF4AA710123EDB20190009304951CA356
:101DD000D3E90023084400F09FFE0023C4F87031CB
:101DE00000F0FEF800200DB0BDE8F08393F9B020BC
:101DF000002A82DB93F8B0109CE7FFF75BFB0B46F1
:101E0000D4E95E510246AA4273EB01000AD3154899
:101E10002D1841F100011148C4E95E5100F00AFF9C
:101E2000FFF7EAFC94F850310BB1FFF721FDFFF703
:101E300083FD00F0D5F80DB0BDE8F043FFF798BE84
:101E4000401DA12026812A0B280200203115000800
:101E5000A8030020191A000800F801084802002011
:101E60009D03002040420F0010B5064B012421467F
:101E70004FF01C101C70FEF72AFC2046BDE81040F5
:101E8000FEF7C0BEA8130020044A034603CA186028
:101E90005960106898600022DA607047E8F7FF1F09
:101EA0002DE9F04103208EB0FEF79AFE4648474CDC
:101EB000474D0121FEF70BFC01214FF4C010FEF746
:101EC00006FC01214348FEF71FFE09A8FEF714FE99
:101ED000414B4FF4805209A92046CDE90923FEF772
:101EE000B9FD18234FF400678DF8293009A94FF484
:101EF00080732046ADF82A300997FEF7ABFD01212B
:101F00003648FEF7E4FB03A8FEF72AFA0124002670
:101F100003A928468DF80C608DF80D608DF80E40F1
:101F20008DF80F408DF810608DF811608DF812401B
:101F3000FEF71FFA09A8FEF76DFC0623ADF8043082
:101F40004FF0020840F2027301A92846ADF80630AE
:101F50008DF80880FEF7C9F905A928468DF81440C8
:101F6000ADF816608DF81840ADF81A60ADF81C6039
:101F7000ADF81E60ADF82060FEF74AFA40F201139A
:101F800005A92846ADF81630FEF742FA224621464A
:101F90002846FEF75DFB224641462846FEF758FBE1
:101FA000224628461021FEF753FB22463946284692
:101FB000FEF74EFB22464FF400412846FEF748FB51
:101FC0000EB0BDE8F08100BF02001800000801401B
:101FD000006400400004002C0004080119001C00EB
:101FE000002208B511461620FEF7ACFD002211466E
:101FF0001420FEF7A7FD002211461520FEF7A2FDD2
:102000000022BDE8084011461320FEF79BBD08B52D
:102010001620FEF7D1FD1420FEF7CEFD1520FEF7A9
:10202000CBFDBDE808401320FEF7C6BD7FB50368B1
:10203000002BBABF012123F06043C3F30A034FF022
:102040000002AFBFCDE901328DF80C10019202936E
:10205000A8BF8DF80C200023027B8DF80D30011DE8
:102060000DF10F008DF80E2001F074FB01A904485A
:10207000FEF750FA043818BF012007B05DF804FBE2
:102080000064004010B504461348C3689A0786B040
:1020900015D001AA0021FEF796FA9DF80C30012B0D
:1020A00016D1029B43F000439DF80E20236022735B
:1020B0000DF10F01201D01F04DFB012003E003692C
:1020C0009B0702D1002006B010BD01AA0121E2E762
:1020D000002BF7D1019BE7E700640040FFF712BC3B
:1020E000FFF710BC024B034A9A60FFF725BC00BF04
:1020F000006400400101010082B0084B0021019101
:102100009A6912F0700F07D09A6902F0700201927A
:1021100004225A609961019B02B07047006400403C
:10212000054B1B7810B504460BB9FFF79DFE204602
:10213000BDE81040FEF71ABCA813002038B5064BC6
:102140001B7804460D460BB9FFF78EFE2946204644
:10215000BDE83840FEF7F4BBA81300202DE9F34199
:102160000D4604467B220021284601F001FB234650
:1021700003220021284600F0D3FE63781F2B28BFDE
:102180001F238DF8073005220DF107030321284690
:1021900000F0C6FE01239DF80720DE005F1C013B16
:1021A000934211D394F821005A2828BF5A20804620
:1021B00000272234474506EBC7010DD306EBC800C4
:1021C000C00802B0BDE8F081E31908223146284674
:1021D00000F0A6FE3B46DEE7E3190822284600F0A1
:1021E0009FFE0137E6E7F7B500230C460091072272
:1021F0001946054600F058FD631C00930122002398
:102200000721284600F050FDAB8A013B03F0FF0395
:10221000102BA37018D80023E71CA2785E1C9342F1
:102220004FEAC60107D3AB8AB3EBD10F14BF01202D
:10223000002003B0F0BD3B44009308220023284651
:1022400000F032FD3346E8E70120F2E773B50023E2
:1022500005460C4600910822194600F025FDAB8A80
:10226000013B03F0FF03C82B637017D8012362788A
:10227000D9005E1C013B934207D3AB8AB3EBD10F6D
:1022800014BF0120002002B070BDA31900930822E2
:102290000023284600F008FD3346E8E70120F2E776
:1022A000F8B50E46054681220021304601F060FA5D
:1022B0002B4608220021304600F032FE95F901300D
:1022C0006C78002BB8BF7F240122D100571C013A43
:1022D000A24202D3601CC0B2F8BD0822EB193046FE
:1022E00000F01EFE3A46F0E7F8B50F460446CE224F
:1022F0000021384601F03CFA2346282200213846C6
:1023000000F00EFE14F8085FC82D28BFC82500266F
:10231000F100AE4201F1280102D3681DC0B2F8BD40
:102320000136A3190822384600F0FAFDF0E7F7B5A8
:1023300005460C46009101231022002100F0B4FC58
:10234000AB8A023B9BB2B3F5807F638019D800262D
:10235000271D6288F300964203F1100108D3AA8A70
:102360001733B2EBD30F14BF0120002003B0F0BD30
:10237000BB19009308220023284600F095FC013683
:10238000E7E70120F2E72DE9F3410D46044640F26C
:1023900079120021284601F0EBF923462022002182
:1023A000284600F0BDFD231D02222021284600F012
:1023B000B7FD631D03222221284600F0B1FDA31DB5
:1023C00003222521284600F0ABFD04F1080310226A
:1023D0002821284600F0A4FD04F11003082238212A
:1023E000284600F09DFD04F11103082240212846F3
:1023F00000F096FD04F1120308224821284600F05F
:102400008FFD04F1140320225021284600F088FD9E
:1024100004F1180340227021284600F081FD04F1E8
:1024200020030822B021284600F07AFD04F12103A0
:102430000822B821284600F073FD04F12207C026C7
:102440003B46314608222846083600F069FDB6F5BD
:10245000A07F07F10107F3D194F832308DF80730EF
:1024600008220DF107033146284600F059FD0027E8
:1024700004F133089DF80730FE009F4206F5A4766C
:1024800012D394F83201502828BF502080460027EC
:1024900004F23314474506EBC7010ED306EBC80020
:1024A000C00802B0BDE8F08108EB070308223146FE
:1024B000284600F035FD0137DCE7E31908222846FD
:1024C00000F02EFD0137E5E738B50C460021054642
:1024D00021600346C4F803102046202200F020FDAE
:1024E0002B1D20460222202100F01AFD6B1D2046E4
:1024F0000322222100F014FDAB1D204603222521DA
:1025000000F00EFD204605F108031022282100F0FE
:1025100007FD072038BD37B500230C46054600915E
:1025200008221946083400F0BFFB00940123302232
:102530000821284600F0B8FBA88A073818BF0120F8
:1025400003B030BD38B50C46002121600546C4F803
:10255000031003463022204600F0E2FC204605F13D
:1025600008030122302100F0DBFC072038BD2DE9F3
:10257000F041456A15B94162BDE8F0814B6823F02E
:102580006047C3F38A464FEAD37EC3F3807816EAE6
:10259000230638BF3E46AC462B465A68BEEBD27F78
:1025A00022F060440AD0002A18DAA40CB44217D1F1
:1025B0009D420FD10D60DEE71346EEE7A74207D13B
:1025C00002F08044C2F3807242450BD054B1EFE771
:1025D00008D2EDE7CCF800100B60CDE7B44201D093
:1025E000B442E5D81A689C46002AE5D11960C3E7D1
:1025F0002DE9F047089D01F007044FEAD508224471
:1026000005F0070500EBD1004FF47F49944201D15A
:10261000BDE8F08704F0070705F0070A57453E4676
:1026200038BF5646C6F10806111B8E4228BF0E461B
:10263000E10808EBD50E415C13F80EC0B94029FA49
:1026400006F721FA0AF1FFB28CEA010147FA0AF70C
:1026500039408CEA010C03F80EC034443544D5E708
:1026600080EA0120082341F2210201B24000002942
:1026700080B203F1FF33B8BF504013F0FF03F4D131
:10268000704738B50C468D18A54200D138BD14F8F6
:10269000011BFFF7E5FFF7E70346406848B1026812
:1026A0005A605A899989013292B291425A8138BF4F
:1026B0009A81704770B588B0202204460D4668465E
:1026C000002101F055F820460495FFF7E5FF02468A
:1026D00058B16B46054608AE1C4603CCB442286090
:1026E0006960234605F10805F6D1104608B070BDB3
:1026F000082817D909280CD00A280CD00B280CD090
:102700000C280CD00D280CD00E2814BF40203020EF
:1027100070470C2070471020704714207047182015
:10272000704720207047082817D90C280CD910288A
:102730000CD914280CD918280CD920280CD93028E9
:102740008CBF0F200E207047092070470A20704769
:102750000B2070470C2070470D2070472DE9F8437F
:10276000078C072F04461ED9D0E9029800254FF6A2
:10277000FF73C5F12006A5F1200029FA05F108FA3A
:1027800006F628FA00F031430143C9B21846FFF7B4
:1027900067FF0835402D0346EBD1E1693A46BDE8B5
:1027A000F843FFF76EBF4FF6FF70BDE8F88310B532
:1027B0004B6823B9CA8A63F30902CA8210BD04694F
:1027C0001A681C600361C38A013BC3824A60EFE759
:1027D0002DE9F84F1D46CB8A0F46C3F309010529A1
:1027E000814692460B4630D00020AAB207F11A0467
:1027F0009EB2042E1FFA80F80FD8424503F1010360
:1028000006D8FB8A0A4462F30903FB8201201AE01E
:102810001AF80060E6540130EAE74245F1D9A1F127
:10282000050B1C237C68BBFBF3F203FB12BB1FFAF6
:102830008BF6002C45D14846FFF72EFF044638B9E9
:1028400078606FF00200BDE8F88F4FF00008E6E70F
:10285000002606607860ADB24FF0000B454510D9F8
:102860000AEB0803221D13F8011B9155B1B208F1C0
:1028700001081B291FFA88F82BD0454506F10106EF
:10288000F1D8FB8AC3F30902154465F30903BCE7D9
:10289000013292B21C462368002BF9D16B1F0B4406
:1028A0001C21B3FBF1F301339BB29A42D3D2BBF1AB
:1028B000000FD0D14846FFF7EFFE20B9C4F800B0B2
:1028C000BFE70122E7E7C0F800B05E46206004469B
:1028D000C1E74545D5D94846FFF7DEFE08B9206077
:1028E000AFE7C0F800B0002620600446B6E72DE947
:1028F000F74F1C465B69009207468846002B00F0A4
:102900009580238C2BB1E269002A00F08F80072B81
:1029100032D807F10C00FFF7BFFE054628B96FF06B
:102920000205284603B0BDE8F08F1422002100F014
:102930001FFF228CE16905F1080000F00BFF208CDD
:10294000013080B2FFF7EFFEFFF7D2FE431E9BB2CD
:102950005A1C23842A74626912782B4402F01F02E5
:1029600062F03F0248F000411A7238466960294619
:10297000FFF7FDFD0125D4E74FF0000900F10C033E
:102980004FF0800A4E464D4601930198FFF784FEB2
:1029900083460028C3D01422002100F0E9FE002E57
:1029A0003AD1009BABF8083002220BF1080E1FFA57
:1029B00082FC0CF10100BCF1060F218C80B201D821
:1029C0008E422BD3FFF7AFFEFFF792FE62691278BB
:1029D000013802F01F028E4208BF4FF0400A42EA5F
:1029E00049121BFA80F14AEA020A013048F000421B
:1029F00081F808A08BF81000CBF80420594638461F
:102A0000FFF7B5FD238C0135B3422DB289F00109E2
:102A10004FF0000AB9D184E70022C6E7E169895D79
:102A20000EF802100136B6B20132C0E76FF00105B0
:102A300077E7F8B515460E462C22002104461F46BE
:102A400000F096FE069B6360B5F5001F079BA7602C
:102A500034BF6A094FF6FF72A36297B2E66104F1D0
:102A6000100000239A4206D800230360A782E38265
:102A70002383E360F8BD0660013330462036F1E77A
:102A800003781BB94BB2002BC8BF017070470078A8
:102A90007047F8B50C46C969074611B9238C002B5D
:102AA00037D1257E1F2D34D8387828BB228C072AB1
:102AB0002CD8268A36F003032BD14FF6FF70FFF790
:102AC000E0FD20F001003602400446EA0565400CB6
:102AD00045EA40254FF6FF72234629463846FFF760
:102AE00006FF002807DD626913780133DBB21F2B74
:102AF00088BF00231370F8BD218A2D0645EA012501
:102B000005432046FFF72AFE0246E5E76FF0030083
:102B1000F1E76FF00100EEE770B58AB004461646A3
:102B20000021282268461D4600F022FEBDF83830FC
:102B3000ADF810300F9B05939DF840308DF818309C
:102B4000119B07936946BDF84830ADF82030204608
:102B5000CDE90265FFF79DFF0AB070BDD3692DE98D
:102B6000F04105460C4616460BB9138C5BBB377E0D
:102B70001F2F28D895F80080B8F1000F26D03046D6
:102B8000FFF7ECFD3378210241EAC33141EA080145
:102B9000338A41EA076141EA03410246334641F084
:102BA00080012846FFF7A3FE00280ADD3378012BB9
:102BB00007D1726913780133DBB21F2B88BF002362
:102BC0001370BDE8F0816FF00100FAE76FF00300C9
:102BD000F7E730B58BB01D469DF8443014465A1EB9
:102BE000534253418DF800309DF83830ADF8103025
:102BF0000F9B05939DF840308DF81830129B07937A
:102C00006A46BDF84C30ADF82030CDE90245FFF7FB
:102C1000A5FF0BB030BD406A00B104307047436A75
:102C20001A68426202691A600361C38A013BC38267
:102C3000704700002DE9F041D0F82080194E14466D
:102C40001D464146002709B9BDE8F081D1E90223BC
:102C5000A21A65EB0303964277EB03031ED2036AC5
:102C60008B420FD1FFF7A3FD036AD3F800800369FD
:102C7000C0F820800B60C38A0161013BC3824246D9
:102C80001146E0E7FFF793FD0A680369C8F80020E2
:102C90000B60C38A0161013BC382F1E70A68884681
:102CA000EEE700BF80841E002DE9F04F8BB00D468B
:102CB000DDF8509014469B468046002800F01981AC
:102CC000B9F1000F00F01581531E3F2B00F2118166
:102CD000012A03D1BBF1000F40F00B810023CDE9A5
:102CE0000833B8F81430B5EBC30F4FEAC30703D36A
:102CF00000200BB0BDE8F08F2B199F42D8F80C30A4
:102D00003ABF7F1BFFB227461BB9D8F81030002B03
:102D10007AD0272D4ED8C5F12806B7424FF00003D0
:102D20002CBFF6B23E4600932946D8F8080008ABFF
:102D30003246FFF75DFCA7EB060A35445FFA8AFAD4
:102D4000B8F8143003F10053053BDB000493D8F8C6
:102D50000C3003932821039B13B1BAF1000F2CD13F
:102D6000D8F8100040B1BAF1000F05D0009608ABBA
:102D70005246691AFFF73CFC38B2002FB8D06607FC
:102D80000AD00AAB03EBD401624211F8083C02F00E
:102D90000702134101F8083C082C3CD9102C40F2E2
:102DA000B580202C40F2B780BBF1000F00F09C8072
:102DB000082334E0BA460026C2E7049BE02B28BF74
:102DC000E02306930B44AB42059314D95A1B039896
:102DD0000096924534BF5246D2B2691A08AB04300D
:102DE0000792FFF705FC079A1644AAEB020A15445E
:102DF000F6B25FFA8AFA049B069A05999B1A049325
:102E0000039B1B680393A6E70093D8F8080008AB60
:102E10003A462946AEE7BBF1000F13D00123B4EBCD
:102E2000C30F6CD0082C12D89DF82030621E23FAF4
:102E300002F2D50706D54FF0FF3202FA04F423431D
:102E40008DF820309DF8203089F8003051E7102CA3
:102E500012D8BDF82030621E23FA02F2D10706D53F
:102E60004FF0FF3202FA04F42343ADF82030BDF8EE
:102E70002030A9F800303CE7202C0FD80899631EB9
:102E800021FA03F3DA0705D54FF0FF3202FA04F412
:102E90000C430894089BC9F800302AE7402C2BD03B
:102EA000DDE90865611EC4F12102A4F1210326FABF
:102EB00001F105FA02F225FA03F311431943CB0796
:102EC00012D50122A4F12003C4F1200102FA03F378
:102ED00022FA01F1A240524243EA010363EB4303A9
:102EE00032432B43CDE90823DDE90823C9E9002358
:102EF000FFE66FF00100FCE66FF00800F9E6082C31
:102F0000A0D9102CB3D9202CEED8C3E7BBF1000F09
:102F1000ADD0022383E7BBF1000FBBD004237EE7D3
:102F200030B5012A144638BF0122402A85B028BF97
:102F300040220025012CCDE9025517D81B788DF8C9
:102F4000083053070AD004AB03EBD205544215F8FE
:102F5000083C04F00704A34005F8083C0091034630
:102F6000002102A8FFF744FB05B030BD082CE5D9CD
:102F7000102C03D81B88ADF80830E2E7202C02D8CB
:102F80001B680293DDE7D3E90045CDE90245D8E7A8
:102F900010B5CB681BB98B600B618B8210BD0469C7
:102FA0001A681C600361C38A013BC382CA60F0E7F0
:102FB00003064CBFC0F3C0300220704708B502467C
:102FC000FFF7F6FF022806D15306C2F30F2001D106
:102FD00000F0030008BDC2F30740FBE72DE9F04F06
:102FE00093B0CDE902230A6805461046FFF7E0FFDB
:102FF000022814BFC2F306240024002A0E4683468A
:1030000080F2FA8112F0C04A40F0F681097B002973
:1030100000F0F281022803D02B78A34240F0EF8128
:10302000C2F304630793104602F07F030493314414
:10303000FFF7C4FF049B91F8038005904FEA834992
:1030400049EA0B4949EA4469002200235FEAD8149F
:10305000CDE9082349EA000967D0049B00930246A2
:103060006F685B4608A92846B847002800F0CA8167
:103070002F6A4FB9494605F10C00FFF71BFB0746C5
:1030800090B96FF0020054E03B6999450DD03F685C
:10309000002FF9D1494605F10C00FFF70BFB07465D
:1030A0000028EED02B6A3B602F62F87D08F01F03EA
:1030B000C0F38400A0EB030C1FFA8CFEBCF1000FE0
:1030C000B8BF0EF1200CD7E902210693A3EB000351
:1030D0001FFA83FEB8BF0FFA8CFC002BBCBF0EF1A9
:1030E00020031BB252EA010075D00298DFF8C4E257
:1030F000821A039860EB01010020964570EB010EE7
:1031000069D396F80DE097F81A90CE4519D13CB3E3
:10311000BCF1010F5FDC786800285CD1DFF898C251
:10312000944570EB010215D366E02F6A27B96FF062
:103130000C0013B0BDE8F08F3B699945B5D03F68EE
:10314000F4E7DFF874C2944570EB0102F1D2002C71
:1031500000F084800F2B3EDDCE457FD1002C4BD17B
:10316000FB7DC8F34012B2EBD31F40F04E81C3F396
:10317000840308F01F02934240F04A81327B4FEAF9
:103180009813002C00F0A08013F0010840F0AF80ED
:10319000032A40F24081029BBB60039BFB60FB8AD9
:1031A00068F30903FB82B41DD31EDBB22246394605
:1031B00005F10C00FFF70CFB002859DA39462846C8
:1031C000FFF7F5FAFB7DC3F38403013303F01F031C
:1031D0009B02FB8255E7FA7D4FEA880302F0030267
:1031E00003F07C031343FB7539462846FFF7DFFAEB
:1031F000737BBB76002C33D04FEA9813022BAFD0F1
:10320000029BBB60039BFB60142200210DA800F011
:10321000AFFA029B0A93039B0B93331D0C93337BF2
:103220008DF840B0013BDBB2ADF83C30059BADF80A
:103230003E30069B8DF84130079B8DF84230049B51
:103240008DF843300AA9AB6828469847FB7DC3F345
:103250008403013303F01F039B02FB82002068E715
:10326000FB7DC3F38402013262F38603FB755EE7E4
:10327000DDE90885B3883B834FF6FF73CAF1200070
:10328000AAF1200228FA0AF105FA00F0014325FA12
:1032900002F211431846C9B2FFF7E2F90AF1080A2F
:1032A000BAF1400F0346E9D1B882327B033AD2B279
:1032B0002146FFF7E6F9FB7DB882DA43C2F3C0127C
:1032C00062F3C713FB75C9E78BB9531E341DDBB21C
:1032D0002246394605F10C00FFF77AFA0028FFF67E
:1032E0006DAF327BB88A013AD2B22146E1E7FB8A60
:1032F000D7F804E0C3F30903501E042BC0B254D81E
:103300001C4606F1040C002107F11B08884208D96D
:103310001CF8019B08F8049001340131052CC9B256
:10332000F4D10344ADF83C30059BADF83E30069B2C
:103330008DF841308142029C079B8DF8423038BFA6
:1033400004310A94049B039C8DF8433034BF56FA31
:1033500081F100210B948DF840B0002307F11B048C
:103360000E91CDE90C4EB88A7B60013A311DFFF712
:1033700088F93B8BB882834203D1AB680AA92846FF
:10338000984728460AA9FFF703FEFB7DBA8AC3F3D4
:103390008403013303F01F039B02FB823B8B9A42A1
:1033A0000CBF00206FF01000C3E6BEF1000F20D16B
:1033B0007146B6E780841E0040420F001C348C46E4
:1033C000DCF800100029F9D11C1B211D06F10408AE
:1033D0008C4404EB0A09B9F11B0F5FFA8AF1A0D8FB
:1033E00088429ED918F8011B0CF8011B0AF1010A4A
:1033F000EFE7F4460524E3E76FF0090099E66FF084
:103400000A0096E66FF00B0093E66FF00D0090E671
:103410006FF00E008DE66FF00F008AE62DE9F047A1
:10342000089E0D4604468846002B4DD18A4294469C
:1034300068D9B2FA82F252B101FA02F3C2F1200164
:1034400020FA01F10CFA02FC41EA030894404FEA29
:103450001C45210CB8FBF5FE1FFA8CF705FB1E83FB
:1034600041EA03430EFB07F199420BD91CEB03031E
:103470000EF1FF3080F01E81994240F21B81AEF1C7
:10348000020E63445B1AA4B2B3FBF5F005FB1033E4
:1034900044EA034400FB07F7A7420AD91CEB0404E3
:1034A00000F1FF3380F00881A74240F205816444B7
:1034B0000238E41B40EA0E4000211EB1D440002334
:1034C000C6E90043BDE8F0878B4208D9002E00F022
:1034D000EE800021C6E900050846BDE8F087B3FA92
:1034E00083F100294AD1AB4202D3824200F2F98033
:1034F000841A65EB030301209846002EE2D0C6E94A
:103500000048DFE702B9FFDEB2FA82F2002A40F09B
:103510009180A1EB0C054FEA1C471FFA8CFE01219C
:10352000B5FBF7F307FB1350250C45EA00450EFBEE
:1035300003F0A84208D91CEB050503F1FF3802D2BD
:10354000A84200F2CB8043462D1AA4B2B5FBF7F097
:1035500007FB105544EA05440EFB00FEA64508D9BA
:103560001CEB040400F1FF3502D2A64500F2BB803B
:103570002846A4EB0E0440EA03409EE7C1F1200771
:103580008B4022FA07FC4CEA030C20FA07F405FAF8
:1035900001F31C43FD404FEA1C4900FA01F3B5FB5F
:1035A000F9F8200C1FFA8CFE09FB185540EA054576
:1035B00008FB0EF0A84202FA01F20BD91CEB05053C
:1035C00008F1FF3A80F08880A84240F28580A8F197
:1035D000020865442D1AA4B2B5FBF9F009FB105599
:1035E00044EA054500FB0EFEAE4508D91CEB050577
:1035F00000F1FF346CD2AE456AD90238654440EA26
:103600000840A0FB0294A5EB0E05A542C846A646BD
:1036100056D353D05EB1B3EB080265EB0E0505FA45
:1036200007F722FA01F3CD401F43C6E900750021D8
:10363000BDE8F087C2F1200320FA03F10CFA02FC86
:1036400025FA03F395400D434FEA1C471FFA8CFE01
:10365000B3FBF7F107FB11302B0C43EA004301FBEE
:103660000EF0984204FA02F408D91CEB030301F1AE
:10367000FF382FD298422DD9023963441B1AADB2BC
:10368000B3FBF7F007FB103345EA034500FB0EF3ED
:10369000AB4208D91CEB050500F1FF3816D2AB424E
:1036A00014D902386544ED1A40EA014138E7314641
:1036B000304607E78646E5E61846FAE64B45A9D2C6
:1036C000B9EB020864EB0C0E0138A3E74046EAE7C9
:1036D000204694E74146D1E7D0467BE7023B65446C
:1036E00032E7084609E76444023842E770B50D4DF9
:1036F0000D4C641BA4100026A64209D10B4D0C4CA6
:1037000000F05EF8641BA4100026A64205D170BD2F
:1037100055F8043B98470136EEE755F8043B9847C7
:103720000136F2E76C3900086C3900086C39000882
:103730007039000810B501390244904201D10020CF
:1037400005E0037811F8014FA34201D0181B10BD0A
:103750000130F2E70A44914200F1FF3300D1704793
:1037600010B511F8014B03F8014F9142F9D110BD8A
:1037700002440346934200D1704703F8011BF9E766
:1037800010B50139034632B111F8014F03F8014B6E
:10379000013A002CF7D11A440021934200D110BD08
:1037A00003F8011BF9E710B5024601448A421346AB
:1037B00003D01C780132002CF8D1181A10BD00007B
:1037C000F8B500BFF8BC08BC9E467047F8B500BF0E
:1037D000F8BC08BC9E4670470000000000000000D6
:1037E00001020304060708090000000001020304A7
:1037F00002040608020C081000000000000000008F
:10380000010203040607080901021101234E454F76
:10381000455343206630353120000000010101028C
:103820001864370E000005008080803200320000EE
:103830000F0A0A8D66060000E658F068A0E5CEAFD4
:10384000414D33325F424F4F544C4F414445525FDC
:103850004634313500537461727465642066697250
:103860006D77617265207570646174650046697278
:103870006D77617265207570646174653A206E6F52
:103880007420666F72207573004669726D7761727D
:1038900065207570646174653A20626164207061AE
:1038A000636B6574004669726D776172652075702F
:1038B000646174652072656164206661696C75720B
:1038C00065004669726D7761746520757064617416
:1038D0006520636F6D706C657465007265736574E7
:1038E00074696E6720746F2064656661756C7473AB
:1038F000006E6F20617070207369676E61747572FD
:10390000650062616420617070206C656E67746828
:103910000062616420626F61726420747970650076
:10392000626164206669726D7761726520435243FB
:10393000006E6F207369676E616C00626164206560
:103940006570726F6D2068656164657200000000CB
:10395000DAE32559D963B84E343731142B06060201
:1039600030000000B8FAFF7F010000008502000867
:103970006102000800127A00D2040000FE2A010051
:10398000FFFFFFFFFFFFFFFFFFFFFFFFFFFFFFFF47
:10399000FFFFFFFFFFFFFFFFFFFFFFFFFFFFFFFF37
:1039A000FFFFFFFFFFFFFFFFFFFFFFFFFFFFFFFF27
:1039B000FFFFFFFFFFFFFFFFFFFFFFFFFFFFFFFF17
:1039C000FFFFFFFFFFFFFFFFFFFFFFFFFFFFFFFF07
:1039D000FFFFFFFFFFFFFFFFFFFFFFFFFFFFFFFFF7
:1039E000FFFFFFFFFFFFFFFFFFFFFFFFFFFFFFFFE7
:1039F000FFFFFFFFFFFFFFFFFFFFFFFFFFFFFFFFD7
:103A0000FFFFFFFFFFFFFFFFFFFFFFFFFFFFFFFFC6
:103A1000FFFFFFFFFFFFFFFFFFFFFFFFFFFFFFFFB6
:103A2000FFFFFFFFFFFFFFFFFFFFFFFFFFFFFFFFA6
:103A3000FFFFFFFFFFFFFFFFFFFFFFFFFFFFFFFF96
:103A4000FFFFFFFFFFFFFFFFFFFFFFFFFFFFFFFF86
:103A5000FFFFFFFFFFFFFFFFFFFFFFFFFFFFFFFF76
:103A6000FFFFFFFFFFFFFFFFFFFFFFFFFFFFFFFF66
:103A7000FFFFFFFFFFFFFFFFFFFFFFFFFFFFFFFF56
:103A8000FFFFFFFFFFFFFFFFFFFFFFFFFFFFFFFF46
:103A9000FFFFFFFFFFFFFFFFFFFFFFFFFFFFFFFF36
:103AA000FFFFFFFFFFFFFFFFFFFFFFFFFFFFFFFF26
:103AB000FFFFFFFFFFFFFFFFFFFFFFFFFFFFFFFF16
:103AC000FFFFFFFFFFFFFFFFFFFFFFFFFFFFFFFF06
:103AD000FFFFFFFFFFFFFFFFFFFFFFFFFFFFFFFFF6
:103AE000FFFFFFFFFFFFFFFFFFFFFFFFFFFFFFFFE6
:103AF000FFFFFFFFFFFFFFFFFFFFFFFFFFFFFFFFD6
:103B0000FFFFFFFFFFFFFFFFFFFFFFFFFFFFFFFFC5
:103B1000FFFFFFFFFFFFFFFFFFFFFFFFFFFFFFFFB5
:103B2000FFFFFFFFFFFFFFFFFFFFFFFFFFFFFFFFA5
:103B3000FFFFFFFFFFFFFFFFFFFFFFFFFFFFFFFF95
:103B4000FFFFFFFFFFFFFFFFFFFFFFFFFFFFFFFF85
:103B5000FFFFFFFFFFFFFFFFFFFFFFFFFFFFFFFF75
:103B6000FFFFFFFFFFFFFFFFFFFFFFFFFFFFFFFF65
:103B7000FFFFFFFFFFFFFFFFFFFFFFFFFFFFFFFF55
:103B8000FFFFFFFFFFFFFFFFFFFFFFFFFFFFFFFF45
:103B9000FFFFFFFFFFFFFFFFFFFFFFFFFFFFFFFF35
:103BA000FFFFFFFFFFFFFFFFFFFFFFFFFFFFFFFF25
:103BB000FFFFFFFFFFFFFFFFFFFFFFFFFFFFFFFF15
:103BC000FFFFFFFFFFFFFFFFFFFFFFFFFFFFFFFF05
:103BD000FFFFFFFFFFFFFFFFFFFFFFFFFFFFFFFFF5
:103BE000FFFFFFFFFFFFFFFFFFFFFFFFFFFFFFFFE5
:103BF000FFFFFFFFFFFFFFFFFFFFFFFFFFFFFFFFD5
:103C0000FFFFFFFFFFFFFFFFFFFFFFFFFFFFFFFFC4
:103C1000FFFFFFFFFFFFFFFFFFFFFFFFFFFFFFFFB4
:103C2000FFFFFFFFFFFFFFFFFFFFFFFFFFFFFFFFA4
:103C3000FFFFFFFFFFFFFFFFFFFFFFFFFFFFFFFF94
:103C4000FFFFFFFFFFFFFFFFFFFFFFFFFFFFFFFF84
:103C5000FFFFFFFFFFFFFFFFFFFFFFFFFFFFFFFF74
:103C6000FFFFFFFFFFFFFFFFFFFFFFFFFFFFFFFF64
:103C7000FFFFFFFFFFFFFFFFFFFFFFFFFFFFFFFF54
:103C8000FFFFFFFFFFFFFFFFFFFFFFFFFFFFFFFF44
:103C9000FFFFFFFFFFFFFFFFFFFFFFFFFFFFFFFF34
:103CA000FFFFFFFFFFFFFFFFFFFFFFFFFFFFFFFF24
:103CB000FFFFFFFFFFFFFFFFFFFFFFFFFFFFFFFF14
:103CC000FFFFFFFFFFFFFFFFFFFFFFFFFFFFFFFF04
:103CD000FFFFFFFFFFFFFFFFFFFFFFFFFFFFFFFFF4
:103CE000FFFFFFFFFFFFFFFFFFFFFFFFFFFFFFFFE4
:103CF000FFFFFFFFFFFFFFFFFFFFFFFFFFFFFFFFD4
:103D0000FFFFFFFFFFFFFFFFFFFFFFFFFFFFFFFFC3
:103D1000FFFFFFFFFFFFFFFFFFFFFFFFFFFFFFFFB3
:103D2000FFFFFFFFFFFFFFFFFFFFFFFFFFFFFFFFA3
:103D3000FFFFFFFFFFFFFFFFFFFFFFFFFFFFFFFF93
:103D4000FFFFFFFFFFFFFFFFFFFFFFFFFFFFFFFF83
:103D5000FFFFFFFFFFFFFFFFFFFFFFFFFFFFFFFF73
:103D6000FFFFFFFFFFFFFFFFFFFFFFFFFFFFFFFF63
:103D7000FFFFFFFFFFFFFFFFFFFFFFFFFFFFFFFF53
:103D8000FFFFFFFFFFFFFFFFFFFFFFFFFFFFFFFF43
:103D9000FFFFFFFFFFFFFFFFFFFFFFFFFFFFFFFF33
:103DA000FFFFFFFFFFFFFFFFFFFFFFFFFFFFFFFF23
:103DB000FFFFFFFFFFFFFFFFFFFFFFFFFFFFFFFF13
:103DC000FFFFFFFFFFFFFFFFFFFFFFFFFFFFFFFF03
:103DD000FFFFFFFFFFFFFFFFFFFFFFFFFFFFFFFFF3
:103DE000FFFFFFFFFFFFFFFFFFFFFFFFFFFFFFFFE3
:103DF000FFFFFFFFFFFFFFFFFFFFFFFFFFFFFFFFD3
:103E0000FFFFFFFFFFFFFFFFFFFFFFFFFFFFFFFFC2
:103E1000FFFFFFFFFFFFFFFFFFFFFFFFFFFFFFFFB2
:103E2000FFFFFFFFFFFFFFFFFFFFFFFFFFFFFFFFA2
:103E3000FFFFFFFFFFFFFFFFFFFFFFFFFFFFFFFF92
:103E4000FFFFFFFFFFFFFFFFFFFFFFFFFFFFFFFF82
:103E5000FFFFFFFFFFFFFFFFFFFFFFFFFFFFFFFF72
:103E6000FFFFFFFFFFFFFFFFFFFFFFFFFFFFFFFF62
:103E7000FFFFFFFFFFFFFFFFFFFFFFFFFFFFFFFF52
:103E8000FFFFFFFFFFFFFFFFFFFFFFFFFFFFFFFF42
:103E9000FFFFFFFFFFFFFFFFFFFFFFFFFFFFFFFF32
:103EA000FFFFFFFFFFFFFFFFFFFFFFFFFFFFFFFF22
:103EB000FFFFFFFFFFFFFFFFFFFFFFFFFFFFFFFF12
:103EC000FFFFFFFFFFFFFFFFFFFFFFFFFFFFFFFF02
:103ED000FFFFFFFFFFFFFFFFFFFFFFFFFFFFFFFFF2
:103EE000FFFFFFFFFFFFFFFFFFFFFFFFFFFFFFFFE2
:103EF000FFFFFFFFFFFFFFFFFFFFFFFFFFFFFFFFD2
:103F0000FFFFFFFFFFFFFFFFFFFFFFFFFFFFFFFFC1
:103F1000FFFFFFFFFFFFFFFFFFFFFFFFFFFFFFFFB1
:103F2000FFFFFFFFFFFFFFFFFFFFFFFFFFFFFFFFA1
:103F3000FFFFFFFFFFFFFFFFFFFFFFFFFFFFFFFF91
:103F4000FFFFFFFFFFFFFFFFFFFFFFFFFFFFFFFF81
:103F5000FFFFFFFFFFFFFFFFFFFFFFFFFFFFFFFF71
:103F6000FFFFFFFFFFFFFFFFFFFFFFFFFFFFFFFF61
:103F7000FFFFFFFFFFFFFFFFFFFFFFFFFFFFFFFF51
:103F8000FFFFFFFFFFFFFFFFFFFFFFFFFFFFFFFF41
:103F9000FFFFFFFFFFFFFFFFFFFFFFFFFFFFFFFF31
:103FA000FFFFFFFFFFFFFFFFFFFFFFFFFFFFFFFF21
:103FB000FFFFFFFFFFFFFFFFFFFFFFFFFFFFFFFF11
:103FC000FFFFFFFFFFFFFFFFFFFFFFFFFFFFFFFF01
:103FD000FFFFFFFFFFFFFFFFFFFFFFFFFFFFFFFFF1
:103FE000FFFFFFFFFFFFFFFFFFFFFFFFFFFFFFFFE1
:103FF000FFFFFFFFFFFFFFFFFFFFFFFFFFFFFFFFD1
:1040000000800020DD7A0008D58E0008D98E0008D7
:10401000DD8E0008E18E0008E58E0008000000003B
:10402000000000000000000000000000E98E000811
:10403000ED8E000800000000F18E0008F58E0008EB
:10404000257B0008257B0008257B0008257B0008D0
:10405000257B0008257B0008257B0008257B0008C0
:10406000257B0008257B0008257B0008F98E0008C9
:10407000257B0008257B0008218F0008257B000890
:10408000618F0008257B0008257B0008B1B500087A
:10409000A9B50008ADB50008C5B50008257B000826
:1040A000499000087D90000865900008257B000875
:1040B000257B000895900008257B0008257B0008DB
:1040C000257B0008257B0008257B0008257B000850
:1040D000257B000891900008257B0008257B0008BF
:1040E000B9900008257B0008257B0008000000002F
:1040F00000000000000000000000000000000000C0
:1041000000000000257B0008257B0008000000005F
:10411000257B0008257B000800000000000000004F
:10412000257B0008257B0008257B0008257B0008EF
:10413000000000000000000000000000000000007F
:10414000000000000000000000000000257B0008C7
:10415000000000000000000001900008257B00081E
:10416000000000000000000000000000257B0008A7
:10417000E658F068A0E5CEAFF5BC0000CA27FEA463
:10418000C5A7DB3F463431350000000000000000C9
:10419000000000000000000000000000000000001F
:1041A000000000000000000000000000000000000F
:1041B00000000000000000000000000000000000FF
:1041C00000000000000000000000000000000000EF
:1041D00000000000000000000000000000000000DF
:1041E00000000000000000000000000000000000CF
:1041F00000000000000000000000000000000000BF
:10420000464C59494E4752435F3735415F4634313A
:10421000355F43414E000000000000000000000038
:1042200010B5054C237833B9044B13B10448AFF3F0
:1042300000800123237010BD38040020000000001E
:1042400078EF000808B5034B1BB103490348AFF3EF
:10425000008008BD000000003C04002078EF00084A
:1042600080F0004002E000BF81F0004142001FBF2B
:104270005FEA410392EA030F7FEA226C7FEA236C34
:104280006AD04FEA1262D2EB1363C1BFD218414029
:1042900048404140B8BF5B42192B88BF704710F0BF
:1042A000004F40F4000020F07F4018BF404211F062
:1042B000004F41F4000121F07F4118BF494292EACA
:1042C000030F3FD0A2F1010241FA03FC10EB0C00F6
:1042D000C3F1200301FA03F100F0004302D5494283
:1042E00060EB4000B0F5000F13D3B0F1807F06D330
:1042F00040084FEA310102F10102FE2A51D2B1F128
:10430000004F40EBC25008BF20F0010040EA03001C
:104310007047490040EB0000013A28BFB0F5000F9C
:10432000EDD2B0FA80FCACF1080CB2EB0C0200FA52
:104330000CF0AABF00EBC25052421843BCBFD040A1
:104340001843704792F0000F81F4000106BF80F41B
:1043500000000132013BB5E74FEA41037FEA226CDE
:1043600018BF7FEA236C21D092EA030F04D092F0A9
:10437000000F08BF0846704790EA010F1CBF0020DD
:10438000704712F07F4F04D1400028BF40F000403A
:10439000704712F100723CBF00F50000704700F05A
:1043A000004343F0FE4040F4000070477FEA226281
:1043B00016BF08467FEA23630146420206BF5FEA52
:1043C000412390EA010F40F4800070474FF0000352
:1043D00004E000BF10F0004348BF40425FEA000C19
:1043E00008BF704743F0964301464FF000001CE0C1
:1043F00050EA010208BF70474FF000030AE000BF17
:1044000050EA010208BF704711F0004302D5404254
:1044100061EB41015FEA010C02BF844601460020C6
:1044200043F0B64308BFA3F18053A3F50003BCFAE1
:104430008CF2083AA3EBC25310DB01FA02FC63448E
:1044400000FA02FCC2F12002BCF1004F20FA02F295
:1044500043EB020008BF20F00100704702F1200288
:1044600001FA02FCC2F1200250EA4C0021FA02F2E9
:1044700043EB020008BF20EADC7070474FF0FF0CEE
:104480001CEAD0521EBF1CEAD15392EA0C0F93EAE9
:104490000C0F6FD01A4480EA010C400218BF5FEA8B
:1044A00041211ED04FF0006343EA501043EA5111FE
:1044B000A0FB01310CF00040B1F5000F3EBF4900F8
:1044C00041EAD3715B0040EA010062F17F02FD2AFC
:1044D0001DD8B3F1004F40EBC25008BF20F00100DF
:1044E000704790F0000F0CF0004C08BF49024CEAF6
:1044F000502040EA51207F3AC2BFD2F1FF0340EA88
:10450000C250704740F400004FF00003013A5DDCF8
:1045100012F1190FDCBF00F000407047C2F1000239
:10452000410021FA02F1C2F1200200FA02FC5FEA26
:10453000310040F1000053EA4C0308BF20EADC7070
:10454000704792F0000F00F0004C02BF400010F4E2
:10455000000F013AF9D040EA0C0093F0000F01F08F
:10456000004C02BF490011F4000F013BF9D041EAB1
:104570000C018FE70CEAD15392EA0C0F18BF93EAB3
:104580000C0F0AD030F0004C18BF31F0004CD8D1DD
:1045900080EA010000F00040704790F0000F17BF64
:1045A00090F0004F084691F0000F91F0004F14D0AA
:1045B00092EA0C0F01D142020FD193EA0C0F03D102
:1045C0004B0218BF084608D180EA010000F0004005
:1045D00040F0FE4040F40000704740F0FE4040F4E0
:1045E000400070474FF0FF0C1CEAD0521EBF1CEA7F
:1045F000D15392EA0C0F93EA0C0F69D0A2EB03029D
:1046000080EA010C49024FEA402037D04FF0805336
:1046100043EA111143EA10130CF000408B4238BFFB
:104620005B0042F17D024FF4000C8B4224BF5B1A09
:1046300040EA0C00B3EB510F24BFA3EB510340EA57
:104640005C00B3EB910F24BFA3EB910340EA9C0005
:10465000B3EBD10F24BFA3EBD10340EADC001B0175
:1046600018BF5FEA1C1CE0D1FD2A3FF650AF8B4219
:1046700040EBC25008BF20F0010070470CF0004C26
:104680004CEA50207F32C2BFD2F1FF0340EAC25051
:10469000704740F400004FF00003013A37E792F012
:1046A000000F00F0004C02BF400010F4000F013A70
:1046B000F9D040EA0C0093F0000F01F0004C02BF6B
:1046C000490011F4000F013BF9D041EA0C0195E7D4
:1046D0000CEAD15392EA0C0F08D142027FF47DAF6D
:1046E00093EA0C0F7FF470AF084676E793EA0C0F5D
:1046F00004D14B023FF44CAF08466EE730F0004C5B
:1047000018BF31F0004CCAD130F000427FF45CAFEA
:1047100031F000437FF43CAF5FE700BF4FF0FF3C58
:1047200006E000BF4FF0010C02E000BF4FF0010CAB
:104730004DF804CD4FEA40024FEA41037FEA226C74
:1047400018BF7FEA236C11D001B052EA530C18BF96
:1047500090EA010F58BFB2EB030088BFC81738BFFB
:104760006FEAE17018BF40F0010070477FEA226CE9
:1047700002D15FEA402C05D17FEA236CE4D15FEAE5
:10478000412CE1D05DF8040B704700BF8446084619
:104790006146FFE70FB5FFF7C9FF002848BF10F1DA
:1047A000000F0FBD4DF808EDFFF7F4FF0CBF01201F
:1047B00000205DF808FB00BF4DF808EDFFF7EAFFA9
:1047C00034BF012000205DF808FB00BF4DF808ED64
:1047D000FFF7E0FF94BF012000205DF808FB00BF59
:1047E0004DF808EDFFF7D2FF94BF012000205DF8DF
:1047F00008FB00BF4DF808EDFFF7C8FF34BF0120EC
:1048000000205DF808FB00BF42000ED2B2F1FE4F5F
:104810000BD34FF09E03B3EB126209D44FEA00238F
:1048200043F0004323FA02F070474FF00000704756
:1048300012F1610F01D1420202D14FF0FF307047F7
:104840004FF00000704700BF53B94AB9002908BFB4
:1048500000281CBF4FF0FF314FF0FF3000F074B95B
:10486000ADF1080C6DE904CE00F006F8DDF804E0C7
:10487000DDE9022304B070472DE9F047089E0D469C
:1048800004468846002B4DD18A42944668D9B2FA34
:1048900082F252B101FA02F3C2F1200120FA01F1D1
:1048A0000CFA02FC41EA030894404FEA1C45210C33
:1048B000B8FBF5FE1FFA8CF705FB1E8341EA0343A4
:1048C0000EFB07F199420BD91CEB03030EF1FF30ED
:1048D00080F01E81994240F21B81AEF1020E6344CA
:1048E0005B1AA4B2B3FBF5F005FB103344EA0344B2
:1048F00000FB07F7A7420AD91CEB040400F1FF33C1
:1049000080F00881A74240F2058164440238E41B2C
:1049100040EA0E4000211EB1D4400023C6E9004306
:10492000BDE8F0878B4208D9002E00F0EE80002110
:10493000C6E900050846BDE8F087B3FA83F100290F
:104940004AD1AB4202D3824200F2F980841A65EB6D
:10495000030301209846002EE2D0C6E90048DFE7B5
:1049600002B9FFDEB2FA82F2002A40F09180A1EB98
:104970000C054FEA1C471FFA8CFE0121B5FBF7F32B
:1049800007FB1350250C45EA00450EFB03F0A84237
:1049900008D91CEB050503F1FF3802D2A84200F24A
:1049A000CB8043462D1AA4B2B5FBF7F007FB105598
:1049B00044EA05440EFB00FEA64508D91CEB04049E
:1049C00000F1FF3502D2A64500F2BB802846A4EBD9
:1049D0000E0440EA03409EE7C1F120078B4022FA13
:1049E00007FC4CEA030C20FA07F405FA01F31C4318
:1049F000FD404FEA1C4900FA01F3B5FBF9F8200C21
:104A00001FFA8CFE09FB185540EA054508FB0EF01D
:104A1000A84202FA01F20BD91CEB050508F1FF3A96
:104A200080F08880A84240F28580A8F102086544A1
:104A30002D1AA4B2B5FBF9F009FB105544EA05455F
:104A400000FB0EFEAE4508D91CEB050500F1FF3456
:104A50006CD2AE456AD90238654440EA0840A0FBF2
:104A60000294A5EB0E05A542C846A64656D353D0E0
:104A70005EB1B3EB080265EB0E0505FA07F722FA03
:104A800001F3CD401F43C6E900750021BDE8F08762
:104A9000C2F1200320FA03F10CFA02FC25FA03F319
:104AA00095400D434FEA1C471FFA8CFEB3FBF7F10C
:104AB00007FB11302B0C43EA004301FB0EF0984238
:104AC00004FA02F408D91CEB030301F1FF382FD2DA
:104AD00098422DD9023963441B1AADB2B3FBF7F0EB
:104AE00007FB103345EA034500FB0EF3AB4208D940
:104AF0001CEB050500F1FF3816D2AB4214D9023881
:104B00006544ED1A40EA014138E73146304607E78F
:104B10008646E5E61846FAE64B45A9D2B9EB020807
:104B200064EB0C0E0138A3E74046EAE7204694E721
:104B30004146D1E7D0467BE7023B654432E7084671
:104B400009E76444023842E7704700BF034613F8A0
:104B5000012B002AFBD1181A013870470000000011
:104B600001F0FF01102A2BDB10F0070F08D010F81E
:104B7000013B013A8B422DD010F0070F42B3F6D122
:104B8000F0B441EA012141EA014122F007047FF03B
:104B900000070023F0E80256083C85EA010586EA92
:104BA000010685FA47F5A3FA87F586FA47F6A5FACE
:104BB00087F68EB9EED1F0BC01F0FF0102F00702DA
:104BC00032B110F8013B013A83EA010313B1F8D185
:104BD0000020704701387047002D06BF3546033866
:104BE000073815F0010F07D1013015F4807F02BF9F
:104BF000013015F4C03F0130F0BC0138704700BFF0
:104C00004FEA4002B2F1FE4F0FD34FF09E03B3EBD9
:104C100012620DD94FEA002343F0004310F0004F19
:104C200023FA02F018BF404270474FF0000070476F
:104C300012F1610F01D1420205D110F0004008BF0E
:104C40006FF0004070474FF000007047914B924A60
:104C5000B3F87CC018882DE9F04FACEB0001158843
:104C60008E4C89B24A098D4287B02180628080F0E3
:104C7000E9808B4D2D888D4240F2E4805968DFF841
:104C800024820F1AD3E90201BFB2081A80B2BA42D5
:104C90002CBF0027012782422CBF00210121049153
:104CA000A160D3E90451A1EB050ED3E90651A1EBB4
:104CB000050AD3E908511FFA8EFE1FFA8AFA7245D7
:104CC000A1EB050189B22CBF4FF0000E4FF0010E91
:104CD00052452CBF4FF0000A4FF0010A8A422CBF08
:104CE0000021012103916161D3E90A51491B89B275
:104CF0008A42D3E90C51A1EB050189B22CBF0020F7
:104D000001208A422CBF002501250195E561D3E9E8
:104D10000E51491B89B28A42D3E91051A1EB05011A
:104D200089B22CBF002601268A422CBF4FF0000B0F
:104D30004FF0010B0290A061059626626760C4F8EF
:104D40000CE0C4F810A0C4F824B0D3E912514D1BF4
:104D5000D3E914618E1B0021A8F80010D3E91A01D1
:104D6000ADB2B6B2AA42A1EB000189B22CBF0025B8
:104D70000125B2422CBF002601268A422CBF002109
:104D800001214FEA8108A163D3E91691A1EB09093A
:104D9000D3E918011FFA89F9091A89B24A452CBFCB
:104DA0004FF000094FF001098A422CBF0021012178
:104DB00048EAC1086163996F0298C4F83090ACEB7F
:104DC000010189B28A422CBF0021012148EA010871
:104DD0002164D3E91C31CB1A9BB29A422CBF002329
:104DE0000123E36348EA4308049B2F49A56243403B
:104DF0006B409A00039B0598E6627B408BEA0303B5
:104E000042EAC3038AEA000289EA0209019A43EAF4
:104E1000090382EA0E0986EA090943EA49090B787F
:104E20009BB1224B1B781BB1C8F10F085FFA88F8C1
:104E3000C8453DD0B4F8543000220133A4F85430B2
:104E400084F8482007B0BDE8F08F184B1A78002A84
:104E5000E8D1019303F0DAFF019B134948B194F8BC
:104E600044200132D2B2642A84F8442084BF012253
:104E70001A70D4E90172049262690392A2690292E3
:104E8000E2690192226AE66A0592D4E903EAD4E96A
:104E900009B5C7E7C0070020B00700205404002070
:104EA000C00300203C070020080700205007002016
:104EB000B4F8463085480133A4F84630236B00220D
:104EC000012B028004BF824A1370049B039A5B0289
:104ED00043EA8723334343EA0E2343EACA1343EAF0
:104EE0008213029A43EA4213019A43EA0213059A93
:104EF00043EAC20394F8482043EA8B0343EA45059A
:104F0000E2B92F2D2EDD94F84D30002B53D1714E88
:104F10003578002D96D0704B1B78002B92D10B78F2
:104F2000002B8FD094F85030AB424CD0052D84F834
:104F3000505053D9012384F84E3083E7012A34D0EE
:104F4000022A2CD0032A7FF47DAF252D7FF47AAF7F
:104F50006249B4F84A2094F84C008854002384F83D
:104F600048306FE76B1E2E2B05D85D4B594E1A80CB
:104F7000EDB23570CFE7002DC9D194F84F30012B39
:104F800008BF84F84D5006F0EBF800287FF45AAFC4
:104F9000534A504B1080187084F84E0052E7032398
:104FA00084F84C5084F848304CE70223A4F84A5067
:104FB00084F8483046E74A49464B84F84E20ADB263
:104FC0000D801A703EE7052D08D994F84E30013354
:104FD000DBB2052B84F84E307FF634AF0023013D61
:104FE00084F84E30232D16D8DFE805F0126C686483
:104FF000605C554E4A46153E322B15151515152485
:105000001F15151515151515151515151515151B40
:10501000344B01221A70344A3178117000233370F6
:1050200010E7012384F84830F5E72C4A2F4B527CD7
:105030001A70F0E7294B2D4A5B7CC3F10103137012
:10504000E9E70022012384F8512084F85330E2E795
:1050500094F84F300122934284F8512084F8522072
:10506000D9D184F84D30D6E700F0DEFB1B4B1D4A4A
:105070005B7C01331370CEE7184B01229A74CAE7A8
:10508000164B00229A74C6E71449184B01200022DF
:1050900048741A70BFE71149144B0020012248746C
:1050A0001A70B8E7124B01221A70B4E70D4B0522B3
:1050B0001A70B0E70B4B04221A70ACE7094B0322BD
:1050C0001A70A8E7074B02221A70A4E73C070020D9
:1050D000360700206A070020F00600208C0500201B
:1050E000F20600200E0700206B070020540000206D
:1050F0005107002030B5834D95F85130002B37D142
:1051000095F85230002B3ED095F85330002285F8A8
:105110005220002B00F0C08000237B4A85F85330DA
:105120004EF6F173012185F85E107849784891F8C0
:1051300000E06B6605EB8E03AA6600EB8E00802212
:105140001A671146043013224FF0010CAC6E0CFAB2
:1051500002F32340D34083EAD111013AC901531C21
:1051600040F8041FF2D105EB8E050023EB6630BD3D
:1051700095F85E40002C49D095F85230002285F811
:105180005E20002BC0D195F85330002BC4D1614B69
:105190001B78002B00F08480C30B024640F0828015
:1051A0008313012B00F0A3804313012B00F0A18097
:1051B0000313012B00F09980C312012B00F09F8094
:1051C0008312012B00F099804312012B00F0938091
:1051D00000232B66030A83EA10134340DB4303F0EA
:1051E0000F0343EA02134C49181303F00F02085C43
:1051F0008A5C42EAC032C3F30320085C42EA8022A0
:10520000C3F30310095C42EA41128EE7B5F85C3043
:10521000B5F85A20B5F8581001339BB2013201316C
:1052200092B289B2272BA5F85C30A5F85A20A5F8D0
:10523000581040D8C72A4DD9384A394B1188A5F89B
:105240005A40A3FB0131C1F3C70141F4806195F8D5
:105250005230002B7FF458AF95F85330002B7FF479
:105260005BAF0A0A82EA11124A40D2432A4802F08E
:105270000F02C1F3132442EA0113045D825C42EA87
:10528000C432C1F3031401F00F01045D415C42EA32
:10529000842242EA411245E7224A4EF2010341E7E5
:1052A0004FF6FF720F21083942FA01F343EA412217
:1052B000296690B28EE71C4B194AB3F90030A5F865
:1052C0005C4082FB0312D917C1EB2211C9B241F431
:1052D000C061BCE7C7297FF613AF144BA5F858404F
:1052E0001988C9B241F40071B1E70C21DBE70E2146
:1052F000D9E70D21D7E70921D5E70A21D3E70B210B
:10530000D1E700BF54040020FB3D0700C303002089
:10531000C0040020F006002090EF000832070020B3
:105320001F85EB513B670700380700205607002018
:1053300030B5039C05468D4209DC13E0A34213D02F
:10534000B1EB6C0F0DD0754510DC0446724601EBD5
:10535000020C181995424FEA6C0E4FEA6000EDDB23
:10536000204630BD9542FBDA184630BD0EF10101F2
:105370000346E0E70346401A48BFC81A704700BF1B
:1053800004494A6A80B292B24B6A9B1A9BB283422A
:10539000FAD370470050014000F1FF3C58B1064974
:1053A0004A6A92B24B6A9B1A9BB2B3F57A7FF9D3E1
:1053B000BCF1010CF4D2704700500140002965D0C7
:1053C0000139421E50FA81F1002027E0C3B240B2F9
:1053D000002831DB5800C3B240B2002833DB58004C
:1053E000C3B240B2002835DB5800C3B240B2002837
:1053F00037DB5800C3B240B2002839DB5800C3B2D3
:1054000040B200283BDB5B00D8B25BB24000002B0F
:10541000B8BF80F007008A42C0B236D012F8013F10
:10542000584010F0800F4FEA4000CFD080F00703C3
:1054300058B20028DBB2CDDA5B0083F0070358B224
:105440000028DBB2CBDA5B0083F0070358B20028F8
:10545000DBB2C9DA5B0083F0070358B20028DBB285
:10546000C7DA5B0083F0070358B20028DBB2C5DA65
:105470005B0083F0070358B20028DBB2C3DA5800A0
:1054800080F0070043B2C0B2C0E7704708467047DB
:10549000F0B5074683B00E4614461D4672B6684600
:1054A00003F028FA694638468DF8066000958DF8B5
:1054B000054003F04FF962B603B0F0BD70B50B4C78
:1054C0000B4E04F13005B64620686168A268E368B7
:1054D000F446ACE80F001034AC42E646F4D1044880
:1054E0003021FFF76BFF86F8300070BD8C0500207F
:1054F00058050020BFF34F8F0549064BCA6802F4D8
:10550000E0621343CB60BFF34F8F00BFFDE700BFE6
:1055100000ED00E00400FA0570B5BA4CBA4D82B057
:105520002968C022204603F069FE6378022B40F20E
:105530001581A279511EC9B2E37D2A2B55D8181FB7
:10554000052852D9032B55D90A3BDBB2202B56D95B
:10555000237EA3F10800C0B2882858D803EB830348
:10556000AA48AB4E03EB83039B00A0FB0303312946
:10557000A8484FEA9303B0FBF3F3F362AB804DD836
:1055800002EB8202520002F5C87189B2637E2A8161
:10559000A3F13200642898BFD218A37EA98103EB3F
:1055A00083034FEAC30303F1140398BF92B20220AE
:1055B000EB816A8102F080F96378002B38D1E889A9
:1055C0004FF4FA73009340F6B8324FF47A734FF405
:1055D0009671FFF7ADFEA37CA5F8500013B34FF40E
:1055E0007A73C4F8C83002B070BD1020032B84F861
:1055F000C000A9D8DB00DBB203F10A00E07584F833
:10560000C030237EA3F10800C0B28828A6D9804804
:1056100041F26F733129EB80C362B1D94FF4C87185
:105620000022B3E74FF4FA63C4F8C83002B070BD8B
:10563000A07F0B2888BF052002F03EF994F82130A6
:1056400094F8202094F8221094F82300A87503F20F
:105650006B335B006B8294F82830053B142B84BFBE
:10566000052384F8283094F8293002F27712013BA0
:105670005200092B2A8294F8252088BF0A2302F1C0
:10568000FA0288BF84F8293094F82A302A8300224D
:1056900084F827205A1E01F25E51082AA98269D98E
:1056A0000A2384F82A3094F82B30617AE27AA07ABF
:1056B000A862463B462B84BFFF2384F82B3094F826
:1056C0002C30013B632B9CBF012384F8C13094F83C
:1056D0002D30013B092B84BF052384F82D3094F82D
:1056E0002E3049005200092B6962EA6206D8042B69
:1056F0000CD8DFE803F003817D0B7400464A0023D9
:10570000012184F8C23084F8C33011706379092B09
:1057100049D8092284F8C42085F8483085F84930F2
:1057200085F84A30E8893D4AE17EB0F5967F3CBF76
:10573000002385F84B302023B3FBF1F1A2FB0032AC
:10574000324B5209B2FBF1F2A5F84C20A3FB002327
:10575000DB08B3FBF1F3A5F84E3031E7304AC4F86B
:10576000052000214FF06413C4F80930C4F80D106F
:105770000122E1E6C3EB4312C3EB82035B006A89BB
:1057800023493D3BDBB21A446A812A89AB761A442D
:105790002A81AA8B1A44AA83AA891A44AA814A6C2C
:1057A00013434B647FE7002284F8C42095F8481027
:1057B000A2F13332A2FB0323DA08B1EBD30F88BF87
:1057C00085F8482095F849309A4238BF85F8492035
:1057D00095F84A309A4238BF85F84A20A2E7114925
:1057E0000D4A01230B700021117084F8C2308DE73F
:1057F000012384F8C33089E7074A012384F8C230C3
:10580000137083E78C05002000000020ABAAAAAA31
:10581000002C0140709D2400A10400201F85EB5145
:10582000A001000AA3040020024B03481A68C0210B
:1058300003F0AEBC000000208C05002038B5294CD8
:1058400094F85430012B3DD094F85530264D5A1E13
:1058500012F0FF0224D084F8552003F0010384F8ED
:10586000523072B695F83F313BB362B603F04CFC50
:10587000D5F8C830D5F8402103F5FA7393423CBF00
:10588000012384F8563094F85530002285F83C21E5
:1058900005EB430385F84421A26DA3F8462138BDEA
:1058A0000123062284F8552085F83E3184F85230D1
:1058B00072B695F83F31002BD7D194F8550003F01C
:1058C0004FFFD2E794F85520074D0132D2B2062A95
:1058D00099BF84F8552002F0010384F8553085F80B
:1058E0003E31BCE7000000208C050020204AD36830
:1058F00010B523F001031F4CD360FFF79FFFB4F8EE
:1059000054211D49B4F856018B6D80B210FA82F211
:1059100003EB520394F82F205B088B65EAB98A6D7C
:1059200094F8C03002FB03F3C3F38F138A6D91F830
:105930005610A4F85A31C3EB520292B2A4F85C217B
:1059400099B1D4F8602142F20F739A4204D8D4F886
:1059500060310133C4F8603110BD8A6D94F858315C
:1059600002FB03F3C3F38F13E0E703F0C5FBE8E7A3
:10597000005401408C0500200000002038B5184D6F
:1059800095F85C3073B1002403E095F85C30A342D5
:1059900008DD03F09DFB95F85230984204F10104B4
:1059A000F3D138BD72B603F09BFB0E4A0E4CB2F831
:1059B00056110E4B89B2A2F85411606A002180B2D0
:1059C000A2F8560161625962B2F85C2192B20132CA
:1059D000DA621961DA6842F00102DA6062B638BD53
:1059E000000000208C050020000800400054014009
:1059F00070B5B44CA37C82B0002B5CD094F8C2305C
:105A0000002B00F0BD80B04D94F82630002B00F044
:105A1000B081B4F866319BB2B3F5836F17D3627C63
:105A200095F85430934200F0B48394F83F3173B941
:105A3000B4F8662195F85D3092B2C3EB42036FF47F
:105A400000600022034484F86A21A4F86831B4F8A5
:105A500066319BB2B3F5836F1CD2B4F866319BB24A
:105A60002F2B17D9637C95F85410C3F10102914292
:105A700000F0028494F83F3163B9B4F8662195F8D8
:105A80005D3092B2C3EB4203313B002284F86A21BD
:105A9000A4F86831B4F866319BB22F2B10D894F873
:105AA0003F210023A4F8683152B1012284F83F312C
:105AB00084F86A2104E0B4F86631834DA4F86831B3
:105AC00094F8702195F85E309A4203D9A37D002B9B
:105AD00040F0EC80E67CAEB3B4F868011D2800F21B
:105AE000D0800023A4F8723194F8283003EB8303AC
:105AF000B0EB830F4FEA830180F2CF8094F86E31D0
:105B0000002B40F0B78094F87C31002B00F0B2807D
:105B1000E27CB4F8720150232E2113FB021383425E
:105B2000C0F2688194F88231002B00F0E781013BDC
:105B3000042B00F2E081DFE813F0DC016403610371
:105B40005E03DC0194F87431002B00F0958094F82A
:105B50007531002B40F0A281D4F878215B49D3172E
:105B600081FB0212C3EB22339BB2B3F5006FA4F8A2
:105B70007231C0F0068240F2FF73A4F87231BDE7C3
:105B800094F82620504D002A00F0A280A87DB4F899
:105B90006621400092B200F57A718A421ADD667C75
:105BA00095F85420B24200F0D18294F83F318BB97D
:105BB000B4F8660140F2FF720023009284F86A3163
:105BC00080B22F234FF4FA62FFF7B2FBAB7DA4F84B
:105BD00068015800B4F86631C0F57A729BB29342FE
:105BE0001CDA637C95F85460C3F101018E4200F029
:105BF000BF8294F83F318BB9B4F866012F2300219E
:105C0000009380B240F2FF7384F86A11FFF790FBB3
:105C1000AB7DA4F868015800C0F57A72B4F866311B
:105C20009BB2934211DBB4F8663100F57A709BB2F7
:105C300083420ADC94F83F210023A4F8683122B1A2
:105C4000012284F83F3184F86A2194F8C230002B95
:105C50003FF436AFD8E6E17C2E22502313FB01231C
:105C6000B4F872219342BFF65DAF94F83F61002E05
:105C700000F0B68102B070BDB4F86831A4F872319A
:105C80003CE71E283FF430AF94F8282002EB820254
:105C9000920090421146C0F2208140F2FF720092C1
:105CA000A023FFF745FBA4F8720127E703F01AFDD4
:105CB00003F016FA00226623A4F8722184F87031EA
:105CC0001CE700BF8C05002000000020AD8BDB68C6
:105CD000AB7DB4F866215B0092B203F57A718A421B
:105CE00014DD637C95F854209A4200F01282B4F8D7
:105CF000660140F2FF73009380B22F234FF4FA62E3
:105D0000FFF716FBAB7DA4F868015B00B4F86611E1
:105D1000C3F57A7289B2914217DA637C95F8540020
:105D2000C3F10101884200F04B82B4F866012F23D1
:105D3000009380B240F2FF730021FFF7F9FAAB7DC8
:105D4000A4F868015B00C3F57A72B4F8661189B2F1
:105D50009142FFF67AAFB4F8662103F57A7392B2F6
:105D60009A423FF772AF0023A4F8683184F86F318C
:105D70006BE7B4F866319BB2B3F5836F11D3637CE4
:105D800095F854209A4200F0A981B4F8662195F85C
:105D90005D3092B2C3EB42036FF400610B44A4F890
:105DA0006831B4F866319BB2B3F5836F16D2B4F89C
:105DB00066319BB22F2B11D9637C95F85410C3F137
:105DC0000102914200F04182B4F8662195F85D30FD
:105DD00092B2C3EB4203313BA4F86831B4F86631A8
:105DE0009BB22F2B3FF66CAE0023A4F8683184F8E9
:105DF0006F3165E694F86431002B00F00081002AD1
:105E000000F0F1802B894FF4FA620092283340F2BF
:105E1000FF728921FFF78CFAA4F8800194F82630EC
:105E2000002B7FF418AFE07CB4F8721184F83F3196
:105E300050222E2312FB003399427FF773AE2E2996
:105E400007D9607FD4F860211E230341934200F2FA
:105E50002281B4F88031B5F892209A423CBFA4F870
:105E60008021134694F8C12032B1B5F994209342B1
:105E7000C4BF93B2A4F88031D4F88C21002A7FF7F4
:105E8000F9AE2F297FF6F6AECB48D11780FB020280
:105E9000C1EB22321344A4F88031EBE6D5E9183285
:105EA000B4F8680100922F2140F2FF72FFF740FA28
:105EB000B4F86821C14B93FBF0F3E07E2E2A4FEA41
:105EC000500093FBF0F3A4F876313FF645AEA4F80A
:105ED0007261AE66C4F8786110E6A02300931E21BB
:105EE0002F23FFF725FA0346A4F87231B4F86801AE
:105EF000FAE501F059FD002384F88231237D002B5F
:105F000046D194F86421A4F88031002A00F0D280B0
:105F100094F82630002B3FF4A8AE94F83F31002BC4
:105F20005ED094F8C230002B00F0C181B4F8663125
:105F30009BB2B3F5836F0ED2B4F866319BB22F2BB0
:105F400009D9B4F8662195F85D3092B2C3EB4203EB
:105F5000313BA4F88431B4F866319BB2B3F5836F5A
:105F600080F0CA81B4F8843140F2CE72934240F29C
:105F7000B08103F04DFD94F83F61002E7FF47AAEBE
:105F80002EE02F2B3FF6BAAD3023A4F87231B5E5E1
:105F900094F86431002B45D1267FC4F8603101228A
:105FA00085F8562084F83D31002E39D0E17C002957
:105FB00039D1012E37D194F8293003EB830303EB59
:105FC0008303DB009BB240F2CE729342A4F884318B
:105FD00040F2A08103F01CFDE17C94F83F6124E0D5
:105FE000B4F872112BE74FF4FA6200922B8940F259
:105FF000FF722F21FFF79CF9A4F880010EE703F050
:1060000071FB95F85630002B00F018816B89E27C0B
:10601000B4F87201A4F87E31012184F86411EEE62F
:1060200003F060FBE17C94F83F6195F85530013B4B
:10603000C3EB0312B5F8903003EB82031AB2B2F54A
:10604000B47F9BB2A6BFA3F5B4739BB2A4F886211C
:1060500003F1770212B2A8BFA4F88631B2F5B47F7B
:10606000A8BFA3F1F102A4F8882103F1EF0212B254
:10607000B2F5B47FA6BF793BA4F88A31A4F88A218F
:106080000023012908BF84F86E11A4F88031002E86
:106090007FF4F0ADA4E7B4F880316A8993423CBF45
:1060A000A4F880211346AA899A423CBFA4F8802113
:1060B0001346D0E6237FC4F86021012185F85610ED
:1060C000002B40F0EA8094F83F31002B00F004816F
:1060D00094F82630002B7FF424AFCBE5AA6DB5F8F9
:1060E0005010914280F0A280B4F86C2192B2C72A7D
:1060F00000F29C80C3F101030026012285F8543090
:10610000C4F8606185F8562002F0EAFF84F86F61F8
:106110003BE6AA6DB5F8500090427ED2B4F86C21EF
:1061200092B2C72A79D8C3F101030026012285F86B
:106130005430C4F8606185F8562002F0D1FFA97D83
:1061400084F86F61490001F57A71D0E594F86A61CD
:10615000A4F868314FF0010C84F83FC1002E3FF4E1
:1061600039ADACEB020285F8542084F83F311FE5CD
:1061700094F86A6100214FF0010CA4F8681184F8CA
:106180003FC1002E3FF44AAD85F8543084F83F11EA
:1061900032E5012184F83F1194F86A110022A4F835
:1061A000682100293FF453ACC3F1010385F8543052
:1061B00084F83F213CE400BFAD8BDB68008793038C
:1061C000A96DB5F8500088421ED2B4F86C1189B29E
:1061D000C72919D80122002685F85620C4F8606125
:1061E00085F8543002F07CFFAA7D84F86F6152007C
:1061F000C2F57A7299E501F069FB7CE601F034FCA6
:1062000079E601F001FC76E694F86E110029E1D1FF
:106210004FF47A73A4F8663187E594F86E21002A6A
:1062200081D14FF47A73A4F8663160E594F86E2159
:10623000002A7FF45FAFA4F86621A6E594F86431E4
:10624000002B4CD002F058FFE0E6AA6DB5F85010D4
:10625000914225D2B4F86C2192B2C72A20D80026E8
:106260000122C4F8606185F8562085F8543002F0A8
:1062700037FF84F86F61A7E5012184F83F1194F896
:106280006A110022A4F8682100293FF403AC85F8C4
:10629000543084F83F21FFF7F0BB03F0B9FB37E639
:1062A00094F86E21002ADAD1A4F866218CE5B4F8BE
:1062B00066114FF47A7089B2FFF75CF894F8C22047
:1062C00000F57A739BB2A4F88431002A3FF44CAEF7
:1062D0002CE603F0CDF9C8E403F004FA18E6FFF762
:1062E000ADFA0F4B42F2107141F28832A9655A6241
:1062F000012384F86431A5E7B4F8662195F85D3090
:1063000092B2C3EB42036FF4006213449BB2A4F851
:10631000843129E603F0ACF9E17C84F83F6184E63E
:106320000008004010B5104C94F89031012B15D0A6
:1063300094F89031022B03D0BDE81040FFF758BB12
:10634000D4F89401B0F5803FACBF4FF6FF7080B237
:10635000FEF7D0FE002384F8903110BDFEF776FCE6
:10636000002384F89031E3E78C050020F8B54F4E08
:106370004F4F96F85410002977D1B7F88631013382
:106380001AB2B7F888310133B2F5B47F1BB2B2BF8D
:10639000A7F88621A7F886110A46B3F5B47FA8BFEF
:1063A0000023A7F88831B7F88A3101331BB2B3F55F
:1063B000B47F77DAA7F88A3106EB4202B6F86813A1
:1063C000B2F99830B0883B4D3B4C0B4400FB03F3D3
:1063D00085FB0312D81797F82D30C0EBE21003FBB2
:1063E00000F0C31784FB0020C3EBA00080B203F0D1
:1063F000A1F8B7F98831B6F8680306EB4303B3F99F
:10640000982097F82D300244B08800FB02F285FBFB
:106410000201D017C0EBE11003FB00F084FB002366
:10642000C017C0EBA30080B203F08AF8B7F98A3135
:10643000B6F8680397F82D2006EB4303B3F99830BC
:106440000344B08800FB03F385FB0315D817C0EBAA
:10645000E51002FB00F084FB0034C017C0EBA40081
:1064600080B2BDE8F84003F071B8B7F88621B7F8FC
:106470008831013A12B2013B1BB2002AB8BF40F288
:106480006712002BB8BF40F26713A7F88831B7F83E
:106490008A31A7F88621013B1BB2002BB8BF40F21E
:1064A000671387E70023A7F88A3185E700000020FB
:1064B0008C050020D34D621067666666294938B5A1
:1064C0004B6A294C294D9BB20022A4F856314A62EE
:1064D000B4F85631AA6D02EB420212FA83F39B081C
:1064E000AB65AA6D94F8C03002FB03F3AA6DC3F349
:1064F0008F13C3EB520292B2A4F85A31A4F85C2174
:1065000003E0D4F86031042B05D94A6AB4F85C3151
:106510009BB29A42F5D3FFF791F9002284F83C210F
:10652000D4F86031617F84F83D210133C4F86031D3
:1065300094F826300B4305D1AA6DD4F8C8309A429E
:1065400008D338BDD4F86031132BFAD9AB6DB3F54D
:10655000FA6FF6D8002385F85630BDE8384002F0CF
:10656000CBBD00BF000800408C05002000000020CB
:10657000F8B5844CB4F89821B4F89A31B4F8800195
:10658000A4F86C0101320133B4F89C1194F8A00115
:10659000A4F89821A4F89A31B4F89E2194F87C319B
:1065A000013101320343A4F89C11A4F89E211AD1B1
:1065B00094F8A121BAB1B4F86851002D40F0C2811D
:1065C000B4F8A23101339BB244F620629342A4F89E
:1065D000A23108D9B4F8A4311E2B00F22E8284F81F
:1065E000A151A4F8A251E17F81B1674BB4F8A82171
:1065F00093F86A33013B01320B4492B203EB8303FD
:10660000B2EB830FA4F8A82100F3818094F86E61A7
:10661000002E53D15C4D95F8563023B194F8643177
:10662000002B40F04A81B4F89E31142B19D994F80C
:10663000C1300121002284F8AB11A4F89E21002B67
:1066400000F0A88094F86431002B40F08D81637FC6
:106650003BB994F8743123B194F86431002B40F0C5
:10666000EA8094F8C430B4F89C219A422CD8B4F84B
:106670007E31A4F86C3194F87C311BB194F864310C
:10668000002B5DD194F83F31002B47D0EA88B4F855
:1066900084313E4902FB03F381FB0301DB17A3EBCB
:1066A000E11313449BB2A4F8AE313949B4F86C013C
:1066B000A4F87E01C1E90D33CA62CB63B4F8B031EE
:1066C0000133A4F8B031F8BDD4F860310022952B25
:1066D000A4F89C21B4F87E2145D895F84830DBB267
:1066E00085F89833B4F86C1189B2891A994203DDA0
:1066F000D11889B2A4F86C11B4F86C1189B2511A8E
:106700008B42B8DAD31A9BB2A4F86C31B3E70122FA
:10671000002384F8AA21A4F8A83177E7207F022873
:1067200000F0F980B4F86C31EA8818499BB202FB9A
:1067300003F3A1FB0313C3F3CF13A4F8AE31B4E703
:10674000B4F872312F2B9DD9B4F86C31EA880F4917
:106750009BB202FB03F3A1FB0313DB0901339BB2E2
:10676000A4F8AE31A1E7952AB7D9D4F84031B3F5F2
:10677000FA7F8CBF95F8493095F84A30DBB285F83E
:106780009833AFE78C05002000000020D34D621045
:10679000002C0140637F002B3FF45BAF94F8643121
:1067A000002B3FF45EAFAB6DB5F86E23D5F88013C8
:1067B000D5F878039A1AD5F89033C5F8702300FB02
:1067C00002119942C5F88013C4BF1946C5F8803339
:1067D0005B428B42C4BF1946C5F88033D5F8883375
:1067E000D5F87C03C5F88823D31A00FB03F3D5F84A
:1067F0007403C5F8843300FB0233D5F894230B44AB
:106800009342C5F88C33C4BF1346C5F88C2352425B
:106810009A42D4F88C11C4BFC5F88C231346A64AFB
:106820000B44934240F30381C4F88C2194F87431F3
:10683000002B3FF416AFD4F89431B4F87621A96F49
:10684000286F9A1AD5F88830AA6600FB021199427F
:10685000A967C4BF1946AB675B428B42C4BF1946E8
:10686000AB67D5F88030686FC5F88020D31A00FB7D
:1068700003F3E86EEB6700FB0233D5F88C200B4482
:106880009342C5F88430C4BF1346C5F884205242F1
:106890009A42D4F87811C4BFC5F884201346874AB9
:1068A0000B44934240F3B580C4F87821D4F86031AA
:1068B000632B9CBF0023AB67D3E602F011FC02F010
:1068C00007FC95F85230002B3FD1002840F09A8009
:1068D00094F83D3195F853200133DBB29A4284F8A5
:1068E0003D3138BF84F83C0194F84431002B7FF4EB
:1068F0009AAE95F85230002B00F0918094F83C311C
:1069000095F86B239A42BFF48EAE012384F844318C
:10691000FFF7D4FD87E694F87C31002B3FF402AFFB
:1069200002F01EFFEA88237B654902FB03F3A1FB0B
:106930000313DB0903EB83035B002D339BB2A4F845
:10694000AE31B2E6A4F8A2314DE600285AD094F850
:106950003D3195F853200133DBB29A4284F83D3142
:10696000C2D284F83C61BFE794F82C20B4F9AC3172
:10697000296BA86A02EB820202EB8202A3EBC2023D
:106980002B6C2A6200FB021199422963C4BF19468D
:106990002B635B428B42C4BF19462B63AB6BE86A27
:1069A000AA63D31A00FB03F3686A6B6300FB02332C
:1069B0006A6C0B449342EB63C4BF1346EA635242D2
:1069C0009A424049C4BFEA631346DA1781FB0313B6
:1069D000C2EB2332B5F8943029899B1A1BB28B4243
:1069E000A5F89430BCBF0BB2A5F89430B3F5FA6F9C
:1069F00003DD4FF4FA63A5F89430637F002B7FF436
:106A0000D2AE13E794F83C310133DBB284F83C3169
:106A10006AE7002BB8BF0023C4F8783146E794F842
:106A20003C3195F86C239A42BFF4FDAD6DE7002B25
:106A300023DC0023C4F88C31F8E601234FF47A708C
:106A400084F87C31FEF79CFC2A462846FF2102F0A0
:106A5000EDF994F8A0511DB994F82430012B0FD012
:106A6000042384F8823194F8C33094F8C22013438D
:106A70007FF4B9AD84F82630B5E5C4F88C31D5E69D
:106A8000B4F8A62110495308A1FB0313DB09B2F5A2
:106A9000B97F84F8A031E6D30C4F4AF6AA2600F05D
:106AA0004DFF6420FEF778FC94F8A0313E6001357C
:106AB000AB42F4DCD7E700BF60E31600F0583801C2
:106AC000D34D6210AD8BDB68B9D31FB100300040ED
:106AD0002DE9F04F85B002F093FB4FF47063364A16
:106AE000D3F8E010914205D1344AD3F8E410914232
:106AF00000F00584324D334C02F098FC02F03CFD6E
:106B0000FEF70AFDE378022B03D12379142B00F062
:106B10002E8441F202410323A4F803102A68294875
:106B20006370C02102F034FB637C227DA988E98078
:106B3000013B18BF012385F8543002B9E27494F880
:106B40002630A3B12989B5F89A236B893231012007
:106B50004FF47A762981323232330021AE8385F8C0
:106B60004B00C4F81200A175A5F89A236B8100228E
:106B700011467D2002F05AF90522002384F8822173
:106B8000A4F8A43102F07AFB0F4B4AF6AA221A604D
:106B900002F0A6F894F8753113B1012384F874312A
:106BA00002F03CF9084FDFF82490DFF82480DFF88A
:106BB00024A04AF6AA26EDE0DAE32559D963B84EB7
:106BC000000000208C05002000300040B7600BB6AC
:106BD000565555551F85EB51A37C002B00F0B08115
:106BE000042385F86B3385F86C33637D3E60012B9D
:106BF00000F0F480022B00F0FE80B4F8B03142F2D5
:106C0000107293420BD994F87C2102F0FF01002A04
:106C100040F05C8349F64042934200F28E83B4F820
:106C2000982144F620639A4210D9B4F9AC31D4F8D3
:106C3000B4211B0489FB03011944DB17C3EB212397
:106C400013440022C4F8B431A4F89821D4F8603178
:106C5000B3F57A7F40F236810022B4F8683184F8C7
:106C60007021D4F86021642A02D9C72B40F26E81CA
:106C7000E27C12B19F2B40F2348194F8B821002AB3
:106C800000F01981B3F5C87FC0F03281D4F89421A7
:106C900094F83E1188FB0203A3EBE273C4F8403181
:106CA00021B1D4F860310A2B00F2078294F8C43184
:106CB000002B00F0C380AB6D322B40F2BF80A54BA0
:106CC0001022002183F8101383F81A2383F8462337
:106CD00094F8AA3103F0FF0B23B994F8C531002BC7
:106CE00040F0288294F8ABB1BBF1010F00F03C8179
:106CF00094F86E314FF0000B84F8D7B1002B40F0C0
:106D0000A78094F86431944AD4F89411934892FB84
:106D1000F1F213FB02F39BB2A0FB032095F84B208A
:106D2000A4F8D831C008A4F8DA01002A40F0AA81FA
:106D30004FF4FA63A5F89230B4F8CA3194F82B10E6
:106D40001BB28B4200F38E81D4F86031632B00F2CA
:106D5000EA80AB6DB3F5FA7F40F2E5800C2385F84D
:106D60005C30AB6D312B9CBF022385F85C3094F80E
:106D70002F30002B40F09381794A526A4AF6C8734B
:106D80009A4205D994F864B1BBF1010F00F03A8240
:106D900003F062FFB4F84A11B4F84831B4F84C215A
:106DA000B4F84E010B441344B4F85011B4F8522116
:106DB00003440B441344D4F8602104335B10042AC9
:106DC000C4F894317FF608AF032385F86B3385F858
:106DD0006C33637D3E60012B7FF40CAFAB88A86DF4
:106DE0000093C8225B086021FEF7A2FA637DE88069
:106DF000022B7FF402AFD4F84031F92B07D8D4F836
:106E00004031642B03D9D4F840311B01EB80D4F816
:106E10004031632B05D8D4F8403113B14FF4C86327
:106E2000EB80D4F84031F92B04D8D4F84031002B52
:106E30007FF4E3AE4FF47A63EB80DEE6454B00224D
:106E4000102183F8101383F81A2383F846233FE7B1
:106E5000B4F87231302B4FD994F87C21002A4BD0F2
:106E6000313B572B00F2E78194F8DC31002B40F0E6
:106E70005382FFF77BFA94F81BE0B4F87201782292
:106E8000302141F6583340F22A3CB3FBFEF3BCFB01
:106E9000FEFCCDF800C0FEF74BFAA5F8A00380B2C7
:106EA000FEF76EFAB5F8A0234FF41673B3FBF2F3B6
:106EB000A4F8D8316CE7952B94BF64230A2385F896
:106EC0005E30E3E6B4F86831002B7FF4CAAED4F844
:106ED000602184F87031642A38D8E27C002A3FF4BB
:106EE000CCAE94F8B821002184F87011002AE2D0C9
:106EF000002384F87031C9E694F81CB001239B4547
:106F000084F8DC3100F01E81BBF1020F00F0368105
:106F1000144B0022C3E90D22DA6302F0E3FB0023E5
:106F2000A4F8D83134E70C230093D4F840010323AC
:106F30004FF4FA726421FEF7FBF985F85C0010E764
:106F4000062385F86B3385F86C334EE6002284F80F
:106F500070218DE600E100E0C0270900CDCCCCCC4B
:106F600000080040002C014001F00CFE5946D048BA
:106F700000F0FCFEB4F8C60101F09AFEB4F8CC2192
:106F8000CC4BA4F8C80140F6E44101FB02F2A3FB9C
:106F90000213D21A03EB5203B5F89C23A4F8CA01DA
:106FA000DB0A02FB03F3AAFB0313B4F8A62194F84F
:106FB000D010B4F8380104EB410CC2EBC20202EB72
:106FC00053120131D4F8CC30BCF8D4E0ACF8D40082
:106FD000C9B23129034488BF0021A3EB0E0384F812
:106FE000D010C4F8CC30AAFB03131B0940F6E441CF
:106FF000A4F83A319BB2C4F8D03101FB03F3AE4997
:10700000A1FB031343F30F23002BB8BF0023A4F805
:10701000AC3194F82430D210012BA4F8A62100F052
:10702000C180022B0ED1237A03EB830392B203EBD0
:107030008303B2EB430F80F2BE80B4F8D431013346
:10704000A4F8D43194F86E319C48B4F8D41142F2CB
:10705000107200FB0322914200F3B580002284F8F5
:10706000AB2147E6B5F89E33B4F8CA01012200927D
:1070700000B201F10A025B080A39FEF759F9A5F8D6
:10708000920061E6B5F89E330093AB8BB5F84E20C5
:10709000B5F84C10FEF74CF9A5F892004CE6B4F8A0
:1070A0006C011723009380B20D234FF4FA62642120
:1070B000FEF73EF984F858015EE6D4F84011D4F8A2
:1070C000BC01FEF757F9D4F84031B0EB530F24D987
:1070D000D4F84031B3F5FA6F1FD2D4F8C031013380
:1070E000C4F8C031A37C0022C4F86021EBB9B4F825
:1070F00072312F2B19D9002384F86431D4F8603110
:10710000642B84BF41F28833C4F840316B8901227B
:107110005B0885F85620A4F87E31D4F84031C4F8D5
:10712000BC31002284F83E21C0E5AB6DB3F57A7F17
:10713000E4D9E0E7FEF7C2F9312002F0FDFC84F863
:10714000C5B1CFE594F82930EA885D4903EB8303A4
:1071500003EB8303DB009BB2A4F8843102FB03F34F
:1071600081FB0301DB17A3EBE11313449BB2632BF9
:10717000A4F8AE313BD802F04BFCD0E6584602F002
:10718000EFFAEA88237B02FB03F34D4AA2FB0323B9
:10719000DB0903EB83034B4A5B002D33C2E90D335C
:1071A000D363BCE694F8A031298B92B201FB03F3C0
:1071B00093423FF742AF94F8D631002B7FF442AFB1
:1071C000A4F8D4313EE74FF0000B012384F8D63108
:1071D000A4F872B102F086FA01F082FF94F86E31E1
:1071E00084F864B1A4F8A4B184F87CB136E702F065
:1071F0003FFA344BB4F8AE2184F83FB1C3E90D2215
:10720000DA638CE694F87031013384F8703101F060
:1072100067FFB4F8723185F856B02F2B05D80023DC
:1072200084F8643141F28833AB650023C4F86031DF
:10723000FFF744F9ACE5012384F8DC31FFF796F859
:10724000B4F87231C82B04D95023A4F886B1A5F83C
:10725000A033B5F8A003FEF793F8B4F98631002BFC
:107260007FF496AD84F86E3184F83F31164942F2CE
:107270002833AB650122C4F8403185F8562084F8E4
:107280006421D4F840214B62C4F8BC21637F95F897
:10729000A22385F855201422C4F860211BB1B5F84B
:1072A0009A33A4F87E31FEF7C9FA02F055F96FE57A
:1072B0000024014001011000FF04EC4F54D9FFFFEE
:1072C000D34D6210002C01400008004002F00AFA81
:1072D0002E4B002584F87C515D6384F8A1519D6399
:1072E000DD63A4F87251A4F8A45102F03DF92848D6
:1072F0004FF48072294606F0B5FAFEF7FBF893F8D2
:10730000EC30244D2B2B3CD0352B36D01F2B04BF1B
:10731000214B2B60FFF7EFBB204AD36823F001031A
:10732000D36001F0DDFE194BC3E90DBBC3F83CB0DF
:1073300002F0ACFB84F8DCB19BE5039102F0D2F9DA
:10734000124B039984F87C11596384F8A111996355
:10735000D963A4F87211A4F8A411039102F004F9FE
:1073600003990B484FF4807206F07CFAC5E7637806
:10737000022B3FF6D9ABFFF7CCBB094B2B60FFF7D5
:10738000BABB084B2B60FFF7B6BB00BF002C014017
:10739000C007002000000020007C000800540140CD
:1073A00000F8000800F80108F0B5654CD4E90002C7
:1073B000101A6FF4487240F2765382189A4283B0E2
:1073C0002BD8604E604D002333802B78002B46D0A5
:1073D0006B780146ABB9AB78002B00F09880A88899
:1073E0005A4F01333988AB70FDF7C4FF322870D98A
:1073F00000223B882A706A78AB8052B1D4E9003110
:10740000C91A40F2E143994257D9AB794B2B00F2AC
:1074100081800023A868338004E04B494C4B886886
:1074200000221A804B494C4A0B8812689BB2C31A3F
:1074300093420B8805DD12FA83F292B20A8003B000
:10744000F0BD9BB21B1A9A4205DA0B889A1A92B2C7
:107450000A8003B0F0BD80B2088003B0F0BD3F4A9F
:10746000947C74B13E4A128890421AD83D494FF438
:107470007A7409880094FDF75BFFA86000233380CD
:10748000D0E7324B1A88374B198840F2FF730093CC
:107490002F23FDF74DFF3028CEBFA860AC602046FB
:1074A000ECE72A4B511C1A884FF4FA63009340F220
:1074B000E933FDF73DFFA860E0E72A48AB79028891
:1074C000C2EBC20201331144DBB2C908AB710180C7
:1074D0009CE73B886268C3EBC3012368D31AAA7890
:1074E0000B44C3F3CF03322A3B8084D9193B9BB2B0
:1074F0003B80A3F2D663194A03EBD3735B1082F887
:10750000213001236B7000F04FFA3B8873E780B2A3
:10751000A88065E7134A1149138819339BB2138079
:10752000A3F2EE2303EBD3735B10002481F8203029
:107530002C70FEF779F9AC7100F066FA69E700BFCC
:10754000C00700203C070020980700201200002000
:1075500030070020F2060020B80300208C05002030
:107560001400002010000020694B2DE9F041694F04
:107570001968002544F6206E1A46A7F804E003F1C6
:107580007804AC462E4652F8043F9942A3EB010022
:10759000194606D070453CBF1FFA80FE0126844480
:1075A00001259442EFD1002E4ED0A7F804E05A48AE
:1075B0005A496DB303784FEA5C15012BCD6009D0B1
:1075C000574A1478012C10D013B91478002C3ED0EF
:1075D000BDE8F0810EF1FF33022B70D83B2D75D939
:1075E0004F4A1478012CE3B2F2D1AEF1C904A4B22F
:1075F00044F65656B442E7D8DFF828C14A4E012473
:10760000147034708F248CF800400224BC71DBE7C6
:107610000378CD60012BD3D10EF1FF33022B55D966
:10762000AEF10403042BDBD83F4A3D4C0123137019
:107630003C4A0370137003233C4A20780B740720E4
:1076400020231070BB71C3E744F6206EAFE70EF144
:10765000FF34022C0ED83B2DBAD8324A334C13706B
:107660000123314A0B740E21217020210370B9715E
:107670001370ADE7AEF10403042B0FD8632DA7D828
:10768000284A2A4C0123137003220A740721264A30
:10769000217020210370B971137099E7AEF1C9030D
:1076A0009BB244F656518B4292D801231D48137069
:1076B0001D498F2202700222BA710B7088E7AEF169
:1076C0000403042B8CD8632D8AD8ADE7164E144AD8
:1076D000DFF850C00123337014780B744FF00008AA
:1076E0000370124B8CF800804FF00E0883F8008076
:1076F000012C4FF02003BB71E3B27FF469AFAEF110
:10770000C904A4B244F6565844457FF678AF5FE703
:10771000C0070020B80300204E0600209807002074
:107720004F060020C20300202D070020C3030020C5
:1077300070B5534C237813B1524B1B783BB9524B65
:107740001A78002A6FD01B78012B0AD070BD4F4BDE
:107750001B78002B54D001F0C3FA4D4B02221A7053
:1077600070BD484B1B78002B50D14A4D2B78012B14
:1077700075D0494B1B78012B68D02378002BE5D1BD
:107780002B78EBB1454A537C072B19D8444909881B
:10779000052915D94348C16F00680133091A50699A
:1077A000DBB210FA81F1082B5374516108D1C1F397
:1077B000CF033D48C1F3CF115C18591A04811183DE
:1077C0003A4C2088002838D0394BDD79002DBDD1C6
:1077D000334A40F2DC5398421580B7D92F4E718B53
:1077E000FDF7C8FD322848D8337F0133DBB2322B96
:1077F000337702D97578002D3BD02388738370BD11
:1078000001F0B2FA224B01221A7070BD1F4B1B7897
:107810007BB1284B1888FDF76DFCFDF717FABDE822
:10782000704001F05DBAFFF79FFEBDE8704001F0C7
:1078300057BABDE8704001F097BA184B1B78002B7F
:10784000C2D1174A13880133138070BD01F0DEFAEC
:10785000154B48B103229A7101F042FA8DE7FDF70A
:10786000F5F901F03DFA84E702229A71FFF79CFDD9
:10787000F2E700F0F9F8012333703577BDE700BF78
:1078800008070020500700202D070020BC0700201B
:107890001C0700204E0600204F06002098070020FD
:1078A00030070020C0070020B8030020F4060020A5
:1078B0008C050020200700200B28034B28BF0B203D
:1078C00000EB400018707047B507002070B5164CEB
:1078D00041F26F73E36272B6144D154B3C224AF6C7
:1078E000AA262E60A2621B78E363C4E90D3301204F
:1078F00001F036FF4B20FDF74FFD5023A3624B20D4
:10790000FDF74AFD5A23A3624B202E60FDF744FD8C
:1079100001F0E8FE074A084912880023A3620B80A1
:10792000E26262B670BD00BF002C01400030004032
:10793000B5070020040000203C07002010B572B6F7
:10794000144C154A154B4AF6AA2141F26F70E062B9
:1079500011605022A2621B78E363C4E90D33032057
:1079600001F0FEFE6420FDF717FD4623A3626420AC
:10797000FDF712FD2823A3626420FDF70DFD01F041
:10798000B1FE074A074912880023A3620B80E26216
:1079900062B610BD002C014000300040B507002049
:1079A000040000203C07002010B5124C124B41F29D
:1079B0006F713222E162A2621B78E363C4E90D3386
:1079C000022001F0CDFE9620FDF7E6FC0B4A4AF6B8
:1079D000AA211E2311609620A362FDF7DDFC01F0B1
:1079E00081FE074A074912880023A3620B80E262E6
:1079F00010BD00BF002C0140B50700200030004042
:107A0000040000203C07002010B5124C124B41F23C
:107A10006F712822E162A2621B78E363C4E90D332F
:107A2000022001F09DFE9620FDF7B6FC0B4A4AF6B7
:107A3000AA21502311609620A362FDF7ADFC01F04E
:107A400051FE074A074912880023A3620B80E262B5
:107A500010BD00BF002C0140B507002000300040E1
:107A6000040000203C0700202DE9F041154D41F2B3
:107A70006F73EB6272B6144BDFF850801B78144FB3
:107A8000EB63C5E90D3377244AF6AA26A7FB043039
:107A90000009C8F8006001F063FE63100A33AB62AE
:107AA0000A20023CFDF778FC631CEFD101F01AFEBE
:107AB000084A094912880023AB620B80EA6262B669
:107AC000BDE8F081002C0140B507002000300040E7
:107AD000CDCCCCCC040000203C070020002103E0EA
:107AE0000B4B5B58435004310A480B4B42189A42E7
:107AF000F6D30A4A02E0002342F8043B084B9A42BC
:107B0000F9D302F023F805F06BFEFEF7E1FF7047B2
:107B1000C1F80008000000203404002038040020D0
:107B2000E0190020FEE70000836861F30003836032
:107B3000704700BF4FF080730360704743680A7856
:107B400062F30823436083684A7862F341038360E9
:107B500083688A7862F3CB238360CB78C26A013B67
:107B600063F31752C2627047836861F3082383602E
:107B7000704700BF836843F008038360704700BF0D
:107B80008068C0F3C0007047836843F004038360DB
:107B9000704700BF8068C0F38000704710B411299F
:107BA00017D8DFE811F0120079007E00830088000A
:107BB0008D00920097009C00A100A600AB00B000D1
:107BC000B500BA00BF00C4007400046963F3020486
:107BD0000461013A0F2A0DD8DFE802F00E13181DD8
:107BE00022272C31363B40454A4F5408C36A61F383
:107BF000D333C36210BC7047436B61F30403436328
:107C0000F8E7436B61F349134363F3E7436B61F3B5
:107C10008E234363EEE7436B61F3D3334363E9E7BA
:107C2000436B61F318534363E4E7436B61F35D63B4
:107C30004363DFE7036B61F304030363DAE7036B7A
:107C400061F349130363D5E7036B61F38E23036389
:107C5000D0E7036B61F3D3330363CBE7036B61F3CB
:107C600018530363C6E7036B61F35D630363C1E706
:107C7000C36A61F30403C362BCE7C36A61F34913D7
:107C8000C362B7E7C36A61F38E23C362B2E7C46815
:107C900063F35754C4609CE7046963F3C50404614B
:107CA00097E7046963F38814046192E7046963F356
:107CB0004B2404618DE7046963F30E34046188E7A3
:107CC000046963F3D134046183E7046963F3944482
:107CD00004617EE7046963F35754046179E704693A
:107CE00063F31A64046174E7046963F3DD64046197
:107CF0006FE7C46863F30204C4606AE7C46863F3AF
:107D0000C504C46065E7C46863F38814C46060E7B1
:107D1000C46863F34B24C4605BE7C46863F30E3448
:107D2000C46056E7C46863F3D134C46051E7C468E3
:107D300063F39444C4604CE7836807298CBF43F025
:107D400000736FF359638360836861F35343836007
:107D5000836862F314538360704700BF024B9A68D4
:107D600060F3D7529A60704700240140836861F342
:107D700096538360704700BF03686FF3410303604D
:107D8000036843F0010303604368DB0707D44FF641
:107D9000FF7301E0013B02D04268D207FAD5436885
:107DA00013F0010329D00B88C269013B63F30B0276
:107DB000C261C3698A7862F31963C361C369CA780F
:107DC00062F31343C361C3690A7962F31653C36153
:107DD00003686FF3000303604368D90707D54FF6C4
:107DE000FF7301E0013B02D04268D207FAD4406839
:107DF00000F0010080F0010070471846704700BF96
:107E000000230371437183710360704703686FF34C
:107E100041030360036843F0010303604368DB0729
:107E200007D44FF6FF7301E0013B02D04268D2074E
:107E3000FAD5436813F001033DD003684A7862F332
:107E4000C713036003688A7862F3861303600368CC
:107E5000CA7862F34513036003680A7962F3041376
:107E6000036003684A7962F3C303036003688A7995
:107E700062F382030360C2690B7863F39E72C2618E
:107E8000C269C3F3400363F3DF72C26103686FF337
:107E9000000303604368D90707D54FF6FF7301E07D
:107EA000013B02D04268D207FAD4406800F00100DA
:107EB00080F0010070471846704700BFD0F80022DC
:107EC000CB7842F00102C0F8002230B40122D0F891
:107ED0001C429A4024EA0204C0F81C420C796FEA62
:107EE000020C002C42D0012C1AD1D0F80C421443C1
:107EF000C0F80C42CC8800EBC3032404C3F8404212
:107F0000D3F840520C892C43C3F840424C892404D6
:107F1000C3F84442D3F844528C892C43C3F84442FA
:107F20004B78002B41D0012B04D1D0F804321343FD
:107F3000C0F804328B78002B40D0012B04D1D0F84C
:107F400014321343C0F814320B78002B3FD0012BAE
:107F500004D1D0F81C321A43C0F81C22D0F80032E9
:107F60006FF3000330BCC0F800327047D0F80C4209
:107F70000CEA0404C0F80C428C8900EBC30324040F
:107F8000C3F84042D3F840520C892C43C3F8404216
:107F90004C892404C3F84442D3F84452CC882C437F
:107FA000C3F844424B78002BBDD1D0F804320CEA20
:107FB0000303C0F804328B78002BBED1D0F8143202
:107FC0000CEA0303C0F814320B78002BBFD1D0F8B1
:107FD0001C320CEA0303C0F81C32BFE7826852016E
:107FE000034605D48268100141D50122104601E004
:107FF0000022104603EB021C70B5DCF880414FEA0A
:10800000021E183204F001041501CCF880410C7AEC
:108010005E5964F382065E517CB3012C1FD04FEA97
:10802000021C4D7A53F80C4065F3410443F80C40B0
:1080300003EB02128D7A546865F3030454609E4486
:10804000D1F80B20CEF88821D1F80F20CEF88C2162
:1080500053F80C2042F0010243F80C2070BDDCF80C
:1080600080414D6844EAC504CCF88041D7E79A685E
:10807000D20008D502221046BCE70E685C5966F3B0
:108080005F545C51CBE70420704700BF01F11B0334
:1080900030B41C010559C5F3800C82F808C004599E
:1080A0006D0755BF640DE408146054601C0100EBBB
:1080B00003130459C4F3400454725C68C4F303040A
:1080C00094725C6800EB0113C4F30724D474D3F8F2
:1080D000B841D472D3F8B841C4F307241473D3F869
:1080E000B841C4F307445473D3F8B841C4F30764E8
:1080F0009473D3F8BC41D473D3F8BC41C4F30724C0
:108100001474D3F8BC4103F5DC73C4F3074C82F854
:1081100011C05B68C3F30763937429B1012901D1CE
:108120002023036130BC7047202330BCC3607047FC
:10813000436912B119434161704723EA010141616A
:10814000704700BF054B1A6818B961F300021A6046
:10815000704761F310421A60704700BF002400406E
:1081600010B412490B6843F001030B600B689B07C6
:10817000FCD54B680D4A6FF301034B60536813F055
:108180000C0FC3F38101F9D1136823F0867323F434
:108190008033136041F610744FF480104FF41F03C6
:1081A0005160D462106310BC9360704700100240AD
:1081B000030C03F1804303F5043300F01F001A6839
:1081C000012303FA00F030EA02030CBF0120002073
:1081D000704700BF030C03F1804303F5043301290A
:1081E0001A6800F01F0006D0012101FA00F022EA0F
:1081F00000001860704701FA00F0104318607047E3
:10820000030C03F1804303F5043301291A6800F0DD
:108210001F0006D0012101FA00F022EA00001860D8
:10822000704701FA00F0104318607047042809D81D
:10823000DFE800F0090F151B03000F4B5A6A61F3CA
:1082400000025A6270470C4B1A6861F300021A6010
:108250007047094B1A6861F310421A607047064B69
:108260001A6861F318621A607047034B1A6A61F367
:1082700000021A62704700BF00100240024B5A68A9
:1082800060F307125A60704700100240024B5A68B0
:1082900060F30A225A60704700100240024B5A688D
:1082A00060F3CD225A60704700100240054B5A68B7
:1082B00060F38F325A605A68C0F3800060F31C721A
:1082C0005A60704700100240134BA0B95A6860F31F
:1082D000104284465A60104B5A6861F395425A60C6
:1082E0005A68C1F3011060F35E725A60DA6A6CF387
:1082F0001A62DA6270475A6842F480325A605A68E9
:1083000001280BBF6FF3514242F400324FF0020CD0
:108310004FF0000C5A60DEE700100240024B5A6832
:1083200060F301025A60704700100240024B586827
:10833000C0F38100704700BF0010024038B53F4DC8
:108340006B6813F00C0F0446C3F3810228D0022A95
:108350002FD03B4B236039483A4A41683A4DC1F32C
:108360000311515CCB4063604168C1F302211144A9
:10837000097C23FA01F1E1604168C1F3C221695C23
:10838000CB40A36045684168C5F30070C1F38131FB
:1083900041EA80010A44127EB3FBF2F3236138BD47
:1083A0006B6D9805D5D52B6B9901D2D5274B2360E2
:1083B000D1E76968EB6A002BC1F300411DDAEA6A74
:1083C000EB6AC2F3031CEA6AC3F3082302F0070254
:1083D00069B369681E4811F4003F194908BF08468F
:1083E0000021A3FB000503FB01F10CFA02F20023BC
:1083F000FCF72AFA03462060ADE76B686A6812F062
:10840000C04FC3F38343C2F341700CD10F2B0AD08A
:10841000023319B1094A526892030AD50C4800FB8D
:1084200003F3236097E7013303EB0013F1E70848F8
:10843000D7E7034800FB03F323608CE700100240FA
:1084400000127A00A0EF0008B0EF0008006CDC0218
:1084500000093D00012805D0054B5A6D6FF3051248
:108460005A657047024A536D43F0300353657047B5
:1084700000100240016840F2FF42024000236FF307
:108480000001B2F5816F0160036043608360C360E7
:108490000ED2C3B20A4A0B49083BA2FB03231B09B5
:1084A00048689B000F2202FA03F303434B607047B6
:1084B000B2F5916FFBD2C3B2014A0349083BECE726
:1084C000CDCCCCCC0000024000040240036812B1C5
:1084D00019430160704723EA01010160704700BF42
:1084E000036861F300030360704700BFD0F8A43055
:1084F000DB0105D4D0F8A43043F08073C0F8A43079
:10850000012919D0022910D0032923D004291AD017
:10851000052926D006292BD0072905D1D0F8A4306B
:1085200062F31743C0F8A4307047D0F8A03062F36C
:108530000F23C0F8A0307047D0F8A03062F30703D3
:10854000C0F8A0307047D0F8A03062F31F63C0F8C5
:10855000A0307047D0F8A03062F31743C0F8A030C5
:108560007047D0F8A43062F30703C0F8A430704716
:10857000D0F8A43062F30F23C0F8A430704700BFD6
:10858000B0F1805F8CBF044B044B1B68034214BFE7
:1085900001200020704700BF00040240000002409C
:1085A0000023C0E90033C0E902330382704700BFF3
:1085B00003684BF6EF721340036002680B891343A4
:1085C000036003684A7C62F30D3303600368CA7B6F
:1085D00062F38B23036003688A7B62F309230360E1
:1085E00003684A7B62F3C713036003680A7B62F384
:1085F000861303600A7C036862F345130360D1E9C4
:10860000002310B44C894460826010BCC360704782
:1086100010B4094A094B83B002EB80020024019494
:10862000CA200192532258625A620198FF220160C7
:108630005A6203B010BC7047502800400028004028
:10864000014BD860704700BF00200240024B034935
:10865000034A59605A607047002002402301674571
:10866000AB89EFCD024A136943F080031361704771
:10867000002002401B4A136943F00203136150615A
:10868000136943F040031361D368D90704D4D36856
:108690005B0720D5012011E04FF08043D168C80767
:1086A00012D4D168490713D4D268D20603F1FF333C
:1086B0004CBF02200320002B08BF0420094B1A697D
:1086C0006FF341021A617047013BE7D10420F5E7DF
:1086D000013B0120EFE7D36813F0100F14BF022015
:1086E0000320EBE700200240194A136943F001031D
:1086F00013610160D368D90704D4D3685B0720D520
:10870000012011E04FF48013D168C80712D4D1685A
:10871000490713D4D268D20603F1FF334CBF0220BD
:108720000320002B08BF0420094B1A696FF30002D5
:108730001A617047013BE7D10420F5E7013B0120B6
:10874000EFE7D36813F0100F14BF02200320EBE70C
:108750000020024010B58B790A68032B1FFA82FEB5
:1087600000F0C180002B00F0B48091F804C0CC79F7
:1087700003F008030CF004010B4304F003010B4366
:1087800091B2D2B2002A4ED0CC0706D5026822F0B0
:108790000F02026002681A4302608A0707D5026866
:1087A00022F0F0020260026842EA031202604C0703
:1087B00007D5026822F470620260026842EA03226E
:1087C00002600A0707D5026822F47042026002685C
:1087D00042EA03320260CC0607D5026822F4702216
:1087E0000260026842EA034202608A0607D5026814
:1087F00022F470020260026842EA035202604C06F0
:1088000007D5026822F070620260026842EA0362E1
:1088100002600A0607D5026822F070420260026810
:1088200042EA03720260BEF1FF0F51D91EF4807F4D
:108830004FEA1E2206D0416821F00F0141604168D5
:1088400019434160940707D5416821F0F001416068
:10885000416841EA03114160510707D5416821F49D
:1088600070614160416841EA03214160140707D506
:10887000416821F470414160416841EA033141603F
:10888000D10607D5416821F470214160416841EA71
:1088900003414160940607D5416821F470014160AD
:1088A000416841EA03514160510607D5416821F012
:1088B00070614160416841EA03614160D20907D0BB
:1088C000426822F070424260426842EA03734360A9
:1088D00010BD4979182901F00F0307D0282991B25A
:1088E00008BF41614DE7714600234AE791B201613B
:1088F00047E700BF024B4FF6FF72C0E90023704705
:1089000000040003C0F30723C0F3074CC3F12003A6
:10891000A3EB0C024FF0FF339340D340020E02F161
:10892000804202F5803210B423FA0CF3146803FA83
:108930000CF324EA030411B9146010BC7047C0B2F0
:1089400000FA0CF32343136010BC70471F4BDB6825
:10895000C3F3022300B5C3F1070EBEF1040F03F108
:10896000040C28BF4FF0040EBCF1060F21D9033BC5
:108970004FF0FF3C0CFA03FC22EA0C024FF0FF3CE4
:108980000CFA0EFC21EA0C019940002841EA020190
:1089900012DB0F4A09011318C9B283F8001301232F
:1089A000410900F01F0003FA00F042F821005DF8D1
:1089B00004FB00221346E1E7064B00F00F0009011B
:1089C0000344C9B219765DF804FB00BF00ED00E076
:1089D00000E100E0FCEC00E008B5354B98421FD008
:1089E000B0F1804F26D0334B98422FD0324B984273
:1089F0000CD0324B984233D0314B98423AD0314B65
:108A0000984241D0304B984248D008BD2F480121B0
:108A1000FFF7F6FBBDE808402C480021FFF7F0BB4C
:108A20002B480121FFF7ECFBBDE808402848002156
:108A3000FFF7E6BB01214FF48010FFF7E1FBBDE833
:108A4000084000214FF48010FFF7DABB21480121D4
:108A5000FFF7D6FBBDE808401E480021FFF7D0BB5A
:108A60001D480121FFF7CCFBBDE808401A48002152
:108A7000FFF7C6BB19480121FFF7C2FBBDE808405C
:108A800016480021FFF7BCBB15480121FFF7B8FBD2
:108A9000BDE8084012480021FFF7B2BB1148012190
:108AA000FFF7AEFBBDE808400E480021FFF7A8BB6A
:108AB000002C01400004004000080040000C004071
:108AC000004C0140005001400054014002001000E1
:108AD0000B000C00010010000300100013000C003C
:108AE00014000C0015000C00036861F3C713036049
:108AF000704700BF062909D8DFE801F013080E0807
:108B000009080400C36962F3CB23C3617047C369DA
:108B100062F3C303C3617047836962F3CB2383614C
:108B20007047836962F3C30383617047062909D8DC
:108B3000DFE801F0090E13181D220400036A62F336
:108B40000C3303627047036A62F3000303627047E9
:108B5000036A62F3820303627047036A62F30413D9
:108B600003627047036A62F3861303627047036A05
:108B700062F3082303627047036A62F38A23036285
:108B8000704700BF064B0748B3F800C00649074AC4
:108B90005B88A0F800C0002008801380704700BFE9
:108BA000B807002058070020C40600205207002004
:108BB00030B5012187B04FF4A010FFF70BFB012265
:108BC00011463348334CFFF791FC002202210B2061
:108BD000FFF7BCFE3048FFF74DFC01A8FFF7E0FCB3
:108BE0002E4B2F4A2C48019301A940F201234FF448
:108BF0000035ADF814300492CDE90245FFF7D8FCFA
:108C0000012225480221FFF761FC23480121FFF7DB
:108C100067FC01212348FFF7DDFA0220FFF746FB3E
:108C20006846FEF787FF204B204800936946FEF711
:108C300085FF1E48032301220621FEF7AFFF032311
:108C4000022210211948FEF7A9FF0120FFF786F83C
:108C5000012216480721FFF76FF814480121FEF79B
:108C600083FF12480121FEF75FFF1048FEF782FFE5
:108C70000E48FEF785FF0028FAD10C480B4CFEF792
:108C800083FF2046FEF786FF0028FAD107B030BDEB
:108C900000000240B8070020080002404C240140B8
:108CA0000001010109001800010100020024014037
:108CB00048F2E80300FB03F3002BB8BF03F6FF7391
:108CC000064A43F23810A0EB233082FB0023C01782
:108CD000A0EBE300053000B2704700BF310CC33099
:108CE000F8B51A4F1A4D1B4C0021102304223846A8
:108CF000FCF7CEFB0026EA6EEA6610233B612046B5
:108D00006662FFF769FE4122A261134B13490B22F1
:108D100022621A78A2624FF6FF73E3626269104B17
:108D200042F00102626103F8046B0E4A6A67E2686E
:108D300042F40072E260AB670B782B67236843F064
:108D4000010340F68B122360EA66F8BD000C014077
:108D50000000024000040040C2030020BE030020C7
:108D6000BC0700203404004070B5204D204CEB6E51
:108D700043F010032046EB66FFF72EFE602103232D
:108D80001C4AA161236212781B4BA2625F2101225F
:108D9000E1621A706369194A19491A4843F00103DC
:108DA00063616A67E368184A43F40073E360A96784
:108DB000527817322A67E96E41F00201E966E96EDE
:108DC00041F00801E966E96E41F00101E966616C74
:108DD00041F400416164216841F001012160BDE876
:108DE0007040102304220821FCF752BB000002400F
:108DF00000040040A8070020BC0700203404004005
:108E0000C0040020000C0140C2030020024B9868FF
:108E100000F01000704700BF000C01400248102312
:108E200018220021FCF734BB000C014042EA00226A
:108E3000F0B542EA014772B6174B184E00249C6207
:108E40005A6942F001025A614FF0170C04254FF0A5
:108E5000900E27FA0CF101F00101C1F10200356119
:108E60004EFA00F05C625A6A8242FCD301317561AD
:108E70004EFA01F15C625A6A8A42FCD3BCF1010CE1
:108E8000E7D2064904208F2248619A625A6942F06B
:108E900001025A6162B6F0BD005001400008014075
:108EA00010B50948094C0121FFF794F90848012140
:108EB000FFF790F904231A4610212046FCF7E8FA40
:108EC0000423636110BD00BF0200180000080140C8
:108ED00003001800704700BFFEE700BFFEE700BFB9
:108EE000FEE700BFFEE700BF704700BF704700BF4E
:108EF000704700BF704700BF10B50220FFF740FB6E
:108F0000012800D010BD054C6060FFF73BFE082033
:108F1000FFF736FB012808BF606010BD000002406B
:108F200008B54FF40050FFF72BFB012807D10B4B7E
:108F30004FF480525A605A6C6FF300025A648020DA
:108F4000FFF71EFB012800D008BD044B4FF48052F0
:108F50005A605A6C6FF300025A6408BD0000024068
:108F600008B54FF48000FFF70BFB01280CD04FF43D
:108F70000010FFF705FB012819D04FF40000FFF7A0
:108F8000FFFA012827D008BD194B1B78002BEED023
:108F9000184A1949136A4FF4800043F00203136220
:108FA00048604FF40010FFF7EBFA0128E5D1124BAF
:108FB0004FF480125A60DA6E6FF30002DA66FEF741
:108FC000B7FB0E4B4FF400421A614FF40000FFF75D
:108FD000D7FA0128D7D1084B4FF480125A60DA6EC5
:108FE0006FF30002DA66BDE80840FEF7A1BB00BFE0
:108FF0004F06002000040040000002400004014031
:1090000008B50D4A0D4B5B6A1268B3EB520F07D9D6
:109010000B4B4FF400225A61BDE80840FCF7AEBC90
:1090200000F056F8074B1B78984200D008BD044B5F
:109030004FF400225A6108BDCC0600200008004011
:1090400000040140520000200449054B4FF6FE7019
:10905000002208611A61FDF78BBA00BF004C014085
:10906000002C01400349044A00230B611361FCF703
:109070003DBC00BF00540140002C0140034B4FF6A3
:10908000FE714FF6FD7219611A6170470050014080
:10909000704700BF074B1A69910744BF4FF6FD7236
:1090A0001A61044B1A69D20744BF4FF6FE721A6167
:1090B000704700BF00040040044B5A69120400D4FA
:1090C00070474FF400425A61FDF72CB9000401408B
:1090D000024B1868C0F38030704700BF0024004086
:1090E000044B1A684FF4002122F400221A605961DF
:1090F000704700BF00040140024A136843F4002394
:1091000013607047000401401A4A1378012B2CD0D9
:10911000042B2AD0022B23D0052B21D0032B0ED0D9
:10912000062B0CD0144B1B7883B1144B9A6822F495
:1091300000229A60DA6842F40022DA607047104B2D
:10914000104A1A600C4B1B78002BEED10B4B9A681F
:1091500042F400229A60DA6822F40022DA60704752
:10916000074B094919601378D8E7054B074919607F
:109170001378CFE755000020520000200004014082
:1091800000240040C5000040E5000040D50000403C
:10919000F8B542EA01039B0700D0F8BD0029B8BF2B
:1091A0000331174604468D10FFF750FA124BB3F8FF
:1091B000E030802B8CBF4FF400624FF48062B7FB2D
:1091C000F2F302FB137393B16DB100263F1B2168CC
:1091D0003819FFF789FA01360320FFF731FAB54253
:1091E00004F10404F3D1BDE8F840FFF73BBA384678
:1091F000FFF740FAE8E700BF00F7FF1F04F024BBC9
:1092000062B670471C4B4FF4AA7210B51A60FEF795
:10921000A7FF01210020FFF709F80120FEF7C8FF92
:1092200001280446F9D100202321FFF74DF82146FB
:109230000220FEF7FBFF1920FEF7BAFF01280446C3
:10924000F9D10020FFF71AF80420FFF727F80420CF
:10925000FFF71CF82046FFF7FDF80220FFF75EF845
:10926000FFF764F80228FBD10020FFF7F3F8BDE810
:10927000104000F0ABBC00BF00200240084B10B40F
:109280004CF6CC4245F255541C6004201A604FF451
:109290007A614AF6AA22586010BC99601A60704739
:1092A0000030004070B501214FF4C010FEF792FF6E
:1092B0002E482F4C2F4D0121FEF78CFF2E48012107
:1092C000FFF720FB6823002141F26F7046F6680229
:1092D000E062A1622046A261E3610122FFF70AFC7D
:1092E000204601220221FFF705FC0122204604212D
:1092F000FFF700FC20460121FFF7F6FB636C1F48D7
:109300002D2262F3070363640121FEF763FF1C480B
:109310000121FEF75FFF2846022304220821FCF703
:10932000B7F8A4F510542846012304220821FCF7BD
:10933000AFF82046802304220821FCF7A9F8204634
:109340004FF4806304220821FCF7A2F820464FF472
:10935000007304220821FCF79BF820464FF4807329
:10936000BDE8704004220821FCF792B80B001800F9
:10937000002C0140000C01400104002402001800F0
:109380000300180038B501214FF4C010FEF722FF8A
:109390001F48204C204D0121FEF71CFF1F480121D2
:1093A000FEF718FF1E480121FFF7ACFA1D48012106
:1093B000FFF7A8FA482220460621FFF797F8012177
:1093C0004FF4A010FEF706FF1023042200212846C8
:1093D000FCF75EF8144A40F68A111023E16682F821
:1093E00010334FF480311160A4F5FE344FF6FF7254
:1093F000E262A362226842F080022260002104221D
:109400002846FCF745F8236843F00103236038BD84
:109410000300180000000240000C014001001C0085
:10942000020310300204082400E100E0F8B5FFF761
:10943000E9FE344C01214FF4A010FEF7CBFE1023BF
:1094400084F810334FF480332360FFF72BFF2E484E
:109450000121FEF7BFFE2D4B2D484A224FF6FF7724
:10946000DF6201219A62FEF7B5FE2A4B32228F2677
:10947000DA629E62302384F818334FF080732360E1
:10948000254D26480121FEF7A5FE25480121FEF7BE
:10949000A1FE2846022304220321FBF7F9FF2846F8
:1094A0002023042203210025FBF7F2FF84F8465312
:1094B0004023A36001212846FEF744FE19480121FC
:1094C000FEF788FE184B4FF4FA72DA624B229A626A
:1094D0001A6842F080021A6084F81A534FF08063D1
:1094E000236012480121FEF775FE114BDF629E6278
:1094F0001A6842F080021A60FFF744FFBDE8F840A6
:10950000FFF7CEBC00E100E002001C0000080040B4
:1095100013001800004C0140000801400200180030
:1095200009001C0015001800005401401400180028
:1095300000500140014B5863704700BF002C0140B0
:10954000014B9863704700BF002C0140014BD8636A
:10955000704700BF002C0140024A536943F00103E9
:1095600053617047002C0140024B0022DA625A62BC
:10957000704700BF0004004010B5384C012220465F
:109580000021FFF7D3FA204601220221FFF7CEFA8D
:10959000204601220421FFF7C9FA01221146204684
:1095A000FFF7C4FA204601220321FFF7BFFA204645
:1095B00001220521FFF7BAFA2268294B294842F017
:1095C00001022260626C42F400426264626942F00D
:1095D000010262611968244A41F001011960596968
:1095E00041F001015961D96821F00101D960016898
:1095F00041F001010160116841F001011160516900
:10960000A3F5006341F0010151611A6842F00102C3
:109610001A605A6942F001025A61DA6842F00102A6
:10962000A4F59434DA60FFF7C3FA01220021204642
:10963000FFF77CFA23680D4A43F0010320212360E1
:1096400082F828134FF48073536002F1C04202F590
:109650000C52136843F40043136010BD002C01400A
:1096600000540140005001400008004000E100E0CB
:1096700070B51A4C1A4D20464FF480630422102115
:10968000FBF706FF4FF4806060614FF400732046E3
:1096900004221021FBF7FCFE4FF4007060614FF4D0
:1096A0008073204604221021FBF7F2FE4FF48071F4
:1096B00061612846022304220821FBF7E9FE2846BF
:1096C000012304220821FBF7E3FE20468023BDE8A6
:1096D000704004220821FBF7DBBE00BF00080140F8
:1096E000000C014038B51C4D1C4C022304221021F3
:1096F0002846FBF7CDFE02214FF480630422696106
:1097000020461021FBF7C4FE4FF4806101230422A0
:10971000616128461021FBF7BBFE01214FF4007365
:109720000422696120461021FBF7B2FE4FF400705D
:1097300080230422102160612046FBF7A9FE8023CC
:10974000636104224FF4807310212046FBF7A0FED2
:109750004FF48073636138BD000C01400008014084
:10976000013870B5052800F24C81DFE810F04100A7
:109770007200AB00DE0017010600A24DA24C0123CF
:10978000042210212846FBF783FE01214FF40073C9
:109790000422696120461021FBF77AFE4FF4007124
:1097A00080230422616120461021FBF771FE802393
:1097B000236104224FF4807310212046FBF768FEDA
:1097C000924B1B7D4FF480726261002B3AD10223D1
:1097D000042210212846FBF75BFE02236B61BDE8E3
:1097E000704089484FF4806304220821FBF750BE83
:1097F000854C844D8023042210212046FBF748FE2F
:1098000080204FF480730422102160612046FBF712
:109810003FFE4FF48071012304226161284610212C
:10982000FBF736FE01232B6104224FF40073102155
:109830002046FBF72DFE754B1B7D4FF400726261D5
:10984000002BC4D06F48022304220821FBF720FE1E
:10985000C5E76C4D6C4C0223042210212846FBF70F
:1098600017FE02214FF48063042269612046102113
:10987000FBF70EFE4FF4806101230422616128464C
:109880001021FBF705FE01232B6104224FF4007326
:1098900010212046FBF7FCFD5C4B1B7D4FF4007252
:1098A0006261002B38D05848802304220821FBF73E
:1098B000EFFDBDE8704054484FF480730422082146
:1098C000FBF7E6BD4F4D504C0123042210212846E2
:1098D000FBF7DEFD01214FF400730422696120468D
:1098E0001021FBF7D5FD4FF40071022304226161C2
:1098F00028461021FBF7CCFD02232B6104224FF4F4
:10990000806310212046FBF7C3FD404B1B7D4FF4C5
:1099100080626261002BC6D1802304221021204680
:10992000FBF7B6FD80236361C3E7374C354D8023D9
:10993000042210212046FBF7ABFD80204FF48073FA
:109940000422102160612046FBF7A2FD4FF48071D4
:1099500002230422616128461021FBF799FD0223AE
:109960002B6104224FF4806310212046FBF790FD09
:10997000264B1B7D4FF480626261002B38D021485A
:10998000012304220821FBF783FDBDE870401E4837
:109990004FF4007304220821FBF77ABD194D1A4CCD
:1099A0000223042210212846FBF772FD02214FF406
:1099B00080630422696120461021FBF769FD4FF4A2
:1099C000806180230422616120461021FBF760FD45
:1099D0008023236104224FF4807310212046FBF77B
:1099E00057FD0A4B1B7D4FF480726261002BC6D17C
:1099F0000123042210212846FBF74AFD01236B6155
:109A0000C3E770BD000C0140000801408C05002038
:109A100038B51C4D1C4C0223042210212846FBF7AC
:109A200037FD02214FF48063042229612046102172
:109A3000FBF72EFD4FF4806101230422616128466B
:109A40001021FBF725FD01214FF400730422296149
:109A500020461021FBF71CFD4FF4007080230422E8
:109A6000102160612046FBF713FD8023236104224F
:109A70004FF4807310212046FBF70AFD4FF48073EA
:109A8000636138BD000C01400008014070B5274CEF
:109A9000237DABBB264D0223042210212846FBF771
:109AA000F7FC02236B614FF48063224804220821F3
:109AB000FBF7EEFC237D8BBB1D4D012304221021FF
:109AC0002846FBF7E5FC01236B611A4D4FF4007348
:109AD000042208212846FBF7DBFC237DBBB9802349
:109AE000042210212846FBF7D3FC80236B61BDE8DC
:109AF000704010484FF4807304220821FBF7C8BC63
:109B00000B48022304220821FBF7C2FCCBE7802389
:109B1000042208212846FBF7BBFCE8E704480123A0
:109B200004220821FBF7B4FCCFE700BF8C0500201E
:109B3000000C014000080140034B98645A6C42F04D
:109B400001025A64704700BF0000024030B41B4A53
:109B50001B49D36943F08053D36191F8503043F0EF
:109B6000040381F85030D3696FF31C73D361136819
:109B700043F00103136013689B07FCD553680F493A
:109B80006FF3010353604B6813F00C0FC3F38102B2
:109B9000F9D10B680B480C4C23F0867323F4803307
:109BA0000B6041F610754FF480134A60CD620B6371
:109BB0004FF41F038B60846030BC7047001002407C
:109BC0000070004000ED00E00040000810B5FEF716
:109BD000ADFB60B1022816D02C482D4B2D495B6897
:109BE0002D4AC3F30313CB5CD840106010BD284B43
:109BF0005A6D9205F0D51A6B244B284812F0007F5D
:109C000008BF1846E9E7224B5968DA6A002AC1F30F
:109C100000411CDAD86ADC6ADA6AC0F3031EC4F3B6
:109C2000082402F0070259B35B681D4813F4003F93
:109C3000164B4FF0000108BF18460EFA02F200233F
:109C4000A4FB000E04FB01F1FAF7FEFDC5E758681E
:109C50005B6813F0C04FC0F38340C3F341720BD174
:109C60000F2809D0023019B1094B5B689B0309D555
:109C70000B4B03FB00F0B0E7013000EB0210F2E702
:109C80000748DAE7014B03FB00F0A6E700127A0071
:109C900000100240C0EF0008C4030020006CDC028A
:109CA00000093D00BFF34F8F0549064BCA6802F417
:109CB000E0621343CB60BFF34F8F00BFFDE700BFEF
:109CC00000ED00E00400FA052DE9F043ADF5497D13
:109CD00066AC4FF4C4720E4607460021204603F0DE
:109CE000C1FD2F4B2F4D5B6A2A889BB29A424AD8FE
:109CF000D5E90201181841F100012B802A4A0023FE
:109D0000FAF7A2FD294B286141F20242228240F279
:109D10000232228493E8070084E807000DF5DD7025
:109D200001F002FB224B234A93F8B1300133009338
:109D30005021214B0DF2CB2003F09CFD0DF2CB20E6
:109D4000502103F0E7FD0DF11C0884F83201414673
:109D5000204601F0FFFC80B205904FF00009B27E72
:109D6000CDE9039806F119030120F17E0090CDE9B9
:109D70000132384608A3D3E9002302F0D3FC0DF5E5
:109D8000497DBDE8F083AA68E96812F5803041F1A9
:109D90000001A860E960ADE79E6AC421818A46EEB1
:109DA00000500140C008002040420F00D0080020B1
:109DB0008C0500203CF2000824F20008000000009E
:109DC0000FB430B5C7B04AAC7C2254F8045B002114
:109DD00027A803F047FD2A4623465A210DF1BE006D
:109DE000079403F0CFFD08AD5A280346294628BF43
:109DF0005A2327A88DF8BD3001F07EFD0E4C83B2AA
:109E000004F1480243F6FF711820CDE90120CDE9A5
:109E10000353009106A3D3E9002304F11C0002F0D0
:109E20005DFC47B0BDE8304004B07047AFF3008040
:109E3000759D040C8EA454D6C008002000000000BC
:109E40001D4B70B51D4C5B6A22889BB29A42D4E9C7
:109E50000201E6B005D910F5803041F10001C4E9F6
:109E60000201181841F10001154A23800023FAF776
:109E7000EBFC002507AE236D2061A5823146114819
:109E8000A5752383256501F00FFD0F4983B21824C2
:109E900040F25510CDE90363009005A3D3E90023F8
:109EA000CDE90114A1F16C0002F018FC66B070BDA0
:109EB000F1C6A7C1D068080F00500140C0080020BB
:109EC00040420F00D0080020480900200000000098
:109ED00030B52D4C2D48A26DD4F8A030616D0068CE
:109EE000C4F88D00D31AA4F89130D4F8A430A06E31
:109EF000A4F89500CB1AA4F89330254DD4E91C3072
:109F0000ADF5097D2D7884F89D50A4F89730012592
:109F1000642384F88C50C4F89900ADF8183004F12B
:109F20008C0C1223C4E928218DF81A30BCE80F00EC
:109F300047ADCDF81B00CDF81F10CDF827302946CE
:109F4000BCF80030CDF8232006A8ADF82B3001F086
:109F50004FFB04F1A80343F6F37180B21822CDE958
:109F60000350CDE90132009105A3D3E9002304F1A8
:109F70001C0002F0B3FB0DF5097D30BDAFF300808E
:109F8000398F03FF8203A6ECC00800205800002090
:109F9000E4060020F8B5234B234E1A78044672BB22
:109FA00068B396F8B22052B3204D95F8A920002A44
:109FB00031D096F8B420002A30D02046FAF706FABD
:109FC000074696F8B500FAF701FA194A01463846ED
:109FD00001F0CEF8FAF718FC164BB27CA5F8AA40AF
:109FE00080B21880144B01211970144B1A70FDF7C0
:109FF0009FFBFBF7FDFC6B6D01336B65F8BD0B4DF3
:10A0000095F8A930002BD8D196F8B220002AD4D0E8
:10A0100000271C46D5E700271446D2E701221A7014
:10A02000CBE700BF080700208C050020C0080020F7
:10A0300000007A44F20600202D0700204E06002082
:10A0400030B4634CA06F012B00F10100A06715D064
:10A05000022B02D0002030BC704740F206439A42E7
:10A0600069D040F24C439A425ED0012AF2D148A511
:10A07000D5E900451046C1E90045ECE7501E272808
:10A08000E8D801A353F820F07DA1000855A00008EE
:10A0900055A0000855A000086FA1000855A00008B1
:10A0A00055A0000855A0000855A0000861A10008AF
:10A0B00053A1000855A0000855A0000855A00008AD
:10A0C00055A0000855A0000855A0000855A000089C
:10A0D00055A0000855A0000855A0000855A000088C
:10A0E00055A0000855A0000855A0000855A000087C
:10A0F00055A0000855A0000855A0000855A000086C
:10A1000055A0000855A0000855A0000855A000085B
:10A1100055A0000855A0000855A0000855A000084B
:10A1200055A0000845A100081BA3D3E90023012086
:10A13000C1E900238FE71AA3D3E900230120C1E975
:10A14000002388E718A3D3E900230120C1E90023F5
:10A1500081E717A3D3E900230120C1E900237AE7AF
:10A1600015A3D3E900230120C1E9002373E714A359
:10A17000D3E900230120C1E900236CE712A3D3E94E
:10A1800000230120C1E9002365E700BFAFF3008091
:10A19000401DA12026812A0B03806A5575F3008794
:10A1A0001D95ECD7875C7F2126417272DF25D7B7DA
:10A1B000D5A4D139F922B6A7CDD269EBC51A133B84
:10A1C000F017304A39059E569E6AC421818A46EEB0
:10A1D000C0080020000000002DE9F047ADF5856DB6
:10A1E0000F460DF1180980464946384601F09EFC9D
:10A1F000002854D199F8986076B304469E4D082003
:10A2000008E001341F2C05F1100529D055F8100C79
:10A21000FAF79CFC8642F4D155F8101C32460DF139
:10A22000B10003F063FB0028EBD1944E99F80820AD
:10A23000DFF84CA2210106EB0414002A38D0237960
:10A240009AF811009AF81250032B28D8DFE813F07F
:10A2500065012401FE00DE00B9F800401E2C22D961
:10A26000A2AD4FF4D0720021284603F0FBFA45ACB2
:10A270002146284601F0ECFC80B2BA7ECDE90440CC
:10A28000002303930B2007F11903F97E0090CDE919
:10A290000132404676A3D3E9002302F043FA0DF5DC
:10A2A000856DBDE8F087754EDFF8D4A106EB041488
:10A2B000A2AD4FF4D0720021284603F0D3FAE26831
:10A2C0002379A2EB0A02032BE9D8DFE803F08834F4
:10A2D00014020423E1682B706A4B994200F0398123
:10A2E0002068FAF733FC216885F840010DF2C93087
:10A2F00003F0F4FABBE70123E2682B70128885F8BB
:10A30000903085F8203185F830316389AA609BB29E
:10A31000C5F8983023899BB2C5F82831E3889BB2F1
:10A32000C5F838310023EB60C5F89C30C5F82C31F6
:10A33000C5F83C31D4E70123E1682B702F2A087857
:10A3400085F8903088BF6389A86098BFB3182289C8
:10A35000B4F806C0D4F80CA098BF93F8F03192B2CC
:10A36000C5F828211FFA8CF2DFF81CC1C5F8382186
:10A370004FF001024FF0000188BF9BB285F8202109
:10A3800085F83021E2454FF00002C5E92631E96049
:10A3900086468946C5F82C21C5F83C2100F0CC80C2
:10A3A000E2683A4B9A429BD1BEF1040F79F1000367
:10A3B00009DA06EB0E004FF0000990F820E2C5F82C
:10A3C00008E0C5F80C90BEF10A0F79F1000387DBB5
:10A3D000BEF10A0049F1FF32A860EA6080E7E36855
:10A3E000032129701B7885F89010003B18BF0123CA
:10A3F0002F2A2B7295BFB318638993F8F0319BB263
:10A40000003B18BF012385F8983069E7042A7FF4E0
:10A410004FAF31441B4BCA689A427FF449AF6FF08B
:10A42000100099F810C0013AA0EB09000DF12903C2
:10A430000DF1A9054FF0FF0EC118614576D213F852
:10A44000011B02F8011FAB42F6D131E7314410483D
:10A45000CA68D9F810301380824200F08E800D490E
:10A460008A427FF425AF06338AF8253020E700BF03
:10A47000D5A4D139F922B6A7E0EF0008D0EF000843
:10A480008C050020BC050020B8050020A305002095
:10A490000E0000201800002031443E4BC96899424C
:10A4A00063D0153BD9F810200A70994204D199F86D
:10A4B00010300A338AF817309AF8113083424FD09F
:10A4C000354A9AF8B500354D4FF0000982F80090F2
:10A4D0001278334AC3F101031370324B83F80090B2
:10A4E000F9F774FF304A0146002000F041FEFAF708
:10A4F0008BF92E4A9AF81210A5F8AA9083B213800D
:10A500002B4A2C4B117001221A70FDF711F9FBF741
:10A510006FFA6B6D01336B65CAE699F81030314400
:10A52000003BCA6818BF01231370C5E70133AB4273
:10A5300002F801EF80D1BBE6DB1849410018524117
:10A54000C5E90202C5F89830C5F89C1086469146C8
:10A5500026E780220DF291202A7203F075F9BFE6FA
:10A560009AF81220AA42ABD1A2E6D9E90423DB0F64
:10A570009B185B088AF82C309AE6CB680E4A1B8839
:10A58000143B82FB0312DB17C3EB22138AF81A3049
:10A590008EE600BFB805002008070020C008002094
:10A5A00054000020F006002000007A44F20600204B
:10A5B0004E0600202D0700206766666670B50023F2
:10A5C00084B01C4C1C4ECDE90033CDE9023304F1BC
:10A5D0001C05684600F0B2FF002828DD716AE36DB3
:10A5E00022881FFA81FC01336245E365D4E9022326
:10A5F00005D912F5803243F10003C4E902231CEBB4
:10A60000020243F1000369462846A4F800C002F0A4
:10A61000F1F80028DDD010F10C0FDAD0236F60675D
:10A6200001336846236700F089FF0028D6DC04B0B8
:10A6300070BD00BFC00800200050014010B5074C9D
:10A6400006E000F04FFF0346204633B102F0C6F8A3
:10A65000204602F0BFF80028F3D110BDDC0800202E
:10A660002DE9F041384B1B78FEB006460D461BB174
:10A67000364B1B889BB243B94BA9284601F0C8F959
:10A68000044640B17EB0BDE8F08131487EB0BDE8FF
:10A69000F041FFF795BB00F001FF00220023CDE958
:10A6A00006239DF82D21082A06AF17D93968012005
:10A6B00000F09CFF7968022000F098FF254801F027
:10A6C00073FFEB7E010641EA034141F4854141F00D
:10A6D0004701002000F08AFFFFF7E4FA0DF59771BB
:10A6E000384603F0B1F80DF12408812221462AA84A
:10A6F00003F0B8F841462AA801F0BEF980B20590EF
:10A70000CDF81080AB7E05F11902CDE90234282383
:10A71000CDE9003230460AA3D3E90023E97E0D4C8F
:10A7200002F000F801E0FFF789FF204602F052F83E
:10A730000028F8D10220FAF72FFEB7E7AFF3008028
:10A7400026417272DF25D7B7F0060020F2060020FE
:10A7500044F20008DC0800202DE9F041B04DEB6F19
:10A760000133EB67AF4B00221A800B7E012B98B0B0
:10A770000C46064611D0022B0CD1E38A40F2064269
:10A78000934200F0698140F24C42934200F005810F
:10A79000012B59D018B0BDE8F081CB8A013B272BA3
:10A7A000F8D801A252F823F093A9000895A7000851
:10A7B00095A7000895A70008FFAA000895A700081C
:10A7C00095A7000895A7000895A700081DA90008EF
:10A7D00015A9000895A7000895A7000895A70008E7
:10A7E00095A7000895A7000895A7000895A7000859
:10A7F00095A7000895A7000895A7000895A7000849
:10A8000095A7000895A7000895A7000895A7000838
:10A8100095A7000895A7000895A7000895A7000828
:10A8200095A7000895A7000895A7000895A7000818
:10A8300095A7000895A7000895A7000895A7000808
:10A8400095A700080DA90008774801F0ADFE002883
:10A85000A0D1764B2A885B6AA8689BB29A4200F224
:10A860004681E968DFF8C8C12B801818DCE90023AD
:10A8700049F2690E97B24FEA12420EFB0722CCF85A
:10A8800000209FB244F250624FEA134302FB0737A5
:10A89000CCF804704FF47A724FF0000341F10001DC
:10A8A000F9F7D2FF634BBFB2A3FB0723DB094FF4D9
:10A8B000C87202FB137707F51677E37E10FA87F765
:10A8C000C5F8AC70002B00F070810CA9204601F097
:10A8D00063F800287FF45EAF08A800F025FD9DF81E
:10A8E000324008A922460DF1330002F09DFF0028F6
:10A8F00040F05B810F2C00F28681D5F8AC30C5F8B2
:10A90000B040A3F51673C5F8AC3043E7FFF7A8FED7
:10A91000237E30E7FFF760FC237E2CE708A9204662
:10A9200001F0D6F80028F3D19DF82030012BCDE9B5
:10A930000C00CDE90E0000F0EA8083B93E4B1B7895
:10A940002BB13E4B1B889BB2002B40F04281FAF7A3
:10A950006BFF3B48FFF734FA01238DF8383006AF20
:10A9600039460CA801F0CCF880B20590A37E029382
:10A970000022CDE903270A2304F11902CDE90032B0
:10A98000304625A3D3E90023E17E01F0CBFE237EF0
:10A99000F1E6FFF799F9237EEDE620460CA900F0D9
:10A9A000C9FE044600287FF4F5AE9DF83030FF2B39
:10A9B0000CBF0123002385F8A9303FF4EBAE214EF4
:10A9C00096F8B230002B3FF4E5AED5E920231343CF
:10A9D0003FF4E0AE1C4B96F8B5001B78F9F7F6FC97
:10A9E0001A4A0146002000F0C3FBF9F70DFF134996
:10A9F000B27CA5F8AA4083B20B80154B01211970D7
:10AA0000144B1A70FCF794FEFAF7F2FF6B6D0133EA
:10AA10006B65BFE6AFF30080CDD269EBC51A133B7F
:10AA2000C00800203C070020DC0800200050014046
:10AA3000C80300201F85EB51F0060020F20600201D
:10AA400074F200088C0500200807002000007A44FA
:10AA50002D0700204E0600200CA9204600F0F2FD34
:10AA600000287FF497AE6B4A9DF8301092F8B13011
:10AA700099427FF68FAE18A901EB430333F92E0CF0
:10AA8000B0B1937C002B00F09680F9F7A3FC6249EB
:10AA9000F9F7F4FC00210446F9F7A2FE002800F0C3
:10AAA000AA805E492046F9F7E1FBF9F7ADFE80B2D6
:10AAB0005B4B2A885B6A9BB29A42D5E9022105D991
:10AAC00012F5803241F10001C5E902219A18C5F85A
:10AAD00080202B802A6DAB6D41F1000101320133E2
:10AAE0002A65AB65C5F88410FFF754FA52E6E968A9
:10AAF00010F5803041F10001A860E960B2E6FEF790
:10AB0000F1FD0021084600F071FDFFF7CBF8454B41
:10AB10001B7823B1444B1B889BB2002B63D1434865
:10AB2000FFF74EF942489022FF2102F09BFEDFF82A
:10AB300004E1DFF8E0C00EF1300877460FCF47455B
:10AB40000CF1100C0EF1100E4CF8100C4CF80C1C03
:10AB50004CF8082C4CF8043CEFD1374B2D481A68C0
:10AB6000C021FEF715FBFAF7D7FC344BDFF8D0E035
:10AB700003F5F870AEF1150802E0103383422CD0D3
:10AB80001A79012AF9D8DA68197A724511D0424542
:10AB900004BF0A31C9B21778B3F806C0BC4501D862
:10ABA0008F42EAD959891170E7E70023C5F8B03020
:10ABB000F0E54908EFE700281BDDF9F70BFC214918
:10ABC000F9F75CFC2049F9F751FBF9F71DFE80B25B
:10ABD0006EE71E48FFF7F4F8C1E601238DF8383020
:10ABE0009DF82030A9E61A48FFF7EAF89DF82030D2
:10ABF000A3E618465CE721461348F9F735FBF9F759
:10AC000003FE80B254E79DF83010304601F0C4FCDA
:10AC1000C0E500BF8C0500200000FA3D00E0824442
:10AC200000500140F0060020F206002084F20008E7
:10AC3000BC050020F4F1000800000020D0EF00085F
:10AC4000B805002000007A3E00003C425CF200089B
:10AC50009CF20008000000002DE9F04F8C4D91B0EF
:10AC600000F01CFC95F8B430002B00F0BD80EB6FB9
:10AC7000052B00F0FE80874C06E000F033FC034615
:10AC8000204633B101F0AAFD204601F0A3FD0028C3
:10AC9000F3D1804801F088FC002800F08A807E4BC8
:10ACA0002A885B6A9BB29A42D5E9026705D916F5F4
:10ACB000803647F10007C5E90267D5F8B8202B8038
:10ACC0009E19D5F8BC3047F10007964277EB030197
:10ACD00059D2DFF8C88198F8B32032B1D5E9309461
:10ACE0004E4577EB040380F0EF8098F8B620B2BBB6
:10ACF000684C06E000F0F6FB0346204633B101F055
:10AD00006DFD204601F066FD0028F3D1D5E9203223
:10AD100053EA020115D06249F31A67EB02020024DC
:10AD2000994274EB0203C0F0A881D5E9383240F2B1
:10AD3000E931F31A67EB02028B4272F1000380F0F3
:10AD4000268100F09BFB5749D5E93223B1F9001069
:10AD500001330A44C5E9322311B0BDE8F08FD5E9CB
:10AD600036944E4577EB0403C2D300234E480021AE
:10AD7000F9F76AFD10EB090044EB0104C5E936045C
:10AD8000FFF7A6F8B4E74849DFF8108141485218A8
:10AD900043F10003C5F8B820C5F8BC3032463B4645
:10ADA00002F0C8F9FFF74CF898F8B320002A9CD0BD
:10ADB00094E7394A2B88546AA4B2A342D5E90267C2
:10ADC0005ED8A01947F1000100234FF47A722C805D
:10ADD000F9F73AFDD5F8AC308342C0F0DF8011B00E
:10ADE000BDE8F04F00F04ABB304B314E03F5F87030
:10ADF000A6F1150702E01033834216D01A79012A12
:10AE0000F9D8DA68197AB24238D0BA4204BF0A31A6
:10AE1000C9B21478B3F806C0A44501D88C42EAD967
:10AE20005989117010338342E8D1224ADFF86C80CF
:10AE3000214B18480021CDE9002120494FF48052D0
:10AE400001F06EFB98F8B010002940F0128100F07C
:10AE500079FA98F82E30052B00F03B810123184930
:10AE600085F8B430002000F0C1FBEB6F052B7FF4B8
:10AE700002AF1449002000F0B9FBFCE64908C8E71E
:10AE800016F5803647F10007C5E9026799E700BF6C
:10AE9000C0080020DC080020005001408C05002084
:10AEA00090D003003807002040420F00D0EF000888
:10AEB000B805002041A0000859A70008A8090020F3
:10AEC000C8428C00C9428C004FF0000B5B46904892
:10AED0000021F9F7B9FC8F4B1B680A9310EB0900AE
:10AEE0008D4B44EB0104C5E930041888F9F772FA78
:10AEF0008A49F9F7C3FA0B90D5F8C800F9F766FA52
:10AF00000446D5F8CC00F9F761FA01462046F9F776
:10AF100069FB8249F9F7B2FA814B0C90188800223C
:10AF2000002300B2C5E93223F9F754FA7D49F9F755
:10AF30009DF97D4B98F8B1201B880D900DF1180AF2
:10AF40008DF83D205146C8220AA802FB03F38DF874
:10AF50003CB098F81B20B3FBF2F30E9300F0A0FB7B
:10AF600080B2049018237148029340F20A43019082
:10AF70000093CDF80CA062A3D3E90023B43801F00C
:10AF8000ADFB98F8B620002A3FF4B2AEE7E6B5F87C
:10AF9000AA00FEF7FFFFC5E93867D2E6644B5B6A9B
:10AFA0009BB29C4205D916F5803647F10007C5E9EA
:10AFB0000267DFF880C12B809819DCE9002347F194
:10AFC000000196B249F26907120C07FB06229CB2F7
:10AFD000CCF800201B0C44F2506202FB0434CCF885
:10AFE00004404FF47A720023F9F72EFC524BD5F847
:10AFF000B020A4B2A3FB0413DB094FF4C87101FB1A
:10B00000134404F51673002610FA83F38DF81860C4
:10B01000C5F8AC3012B901238DF818300AA800F039
:10B0200083F9D5F8B010C1F11003DCB2062C28BFAB
:10B0300006240AAA11440DF11900224602F004FC6C
:10B040003E48631C012106AEDBB21822CDE9022680
:10B05000CDE90010049399382BA3D3E9002301F024
:10B060003DFB0023C5F8B03011B0BDE8F04F00F053
:10B0700005BA334801F090FAE9E6324B98F8B5008A
:10B080001B7800220023C5E92023F9F79FF92E4AF7
:10B090000146002000F06CF8F9F7B6FB2B4A98F84F
:10B0A0001210A5F8AA4083B21380294A294B1170C7
:10B0B00001221A70FCF73CFBFAF79AFC6B6DD5F88D
:10B0C000802001336B65D5F8843013437FF42DAEB7
:10B0D00037E6214B4FF48032C3F88020BFF34F8F07
:10B0E000BFF36F8F4FF48072C3F88420BFF34F8F8C
:10B0F000BFF36F8F194A136823F400431360ADE662
:10B1000054B2FBA2AE28AFA9401DA12026812A0B74
:10B1100040420F004C070020320700200AD7233C92
:10B1200056070020339388436407002090090020CD
:10B1300000500140C80300201F85EB517509002015
:10B14000DC0800200807002000007A44F2060020F6
:10B150004E0600202D07002000E100E00004014021
:10B16000024B986D003818BF01207047C0080020BE
:10B170002DE9F04F0F4683B00446002138461646AD
:10B18000F9F724FB002840F0B48000213046F9F79D
:10B190001DFB002840F0AD805F4D39462868F9F767
:10B1A00001FB30B168683146F9F7FCFA002840F03D
:10B1B000A4805A493046F9F761F939468046F9F7D3
:10B1C00005FB002800F0A58031465548C5F80080F1
:10B1D0006E60F9F707FA4146F9F750F902F0E8FF17
:10B1E00001460646F9F74AF94E4980463046F9F7D6
:10B1F0003DF83146F9F742F94FF07E51F9F736F84C
:10B2000001464FF07E50F9F7EDF981460146404680
:10B21000F9F734F9014607462861F9F727F84FF0A6
:10B220007E5183464046C5F814B0AF61F9F71CF86B
:10B230000146F9F71BF849468246F9F71FF93949E3
:10B24000A86080463046F9F70FF83146F9F716F94D
:10B250004FF07E51F9F70AF849460646F9F70EF91C
:10B26000314603465046EB600193F8F7FFFF49462D
:10B27000F9F704F94FF07E51F8F7F8FF01464FF067
:10B280007E50F9F7AFF92146F9F7F8F8019B064629
:10B29000BA468146414630460193F9F7EFF8019BE3
:10B2A000804619464846F9F7E9F801464046F8F75E
:10B2B000DDFF01462046F8F7D7FF594604463046E1
:10B2C000F9F7DCF8514680464846F9F7D7F80146C9
:10B2D0004046F8F7CBFF394680462046F9F7CEF8CE
:10B2E00001464046F8F7C2FF2E62EC6103B0BDE8AC
:10B2F000F08F204603B0BDE8F08FEE69D5F80880E6
:10B30000D5F82090EB682F69D5F814B0D5F818A0BF
:10B31000C0E7B84658E700BFA8190020CDCCCC3E06
:10B32000DB0F4940F304B53F10B4054C034607CC8E
:10B330000024DC60186059609A6010BC704700BF40
:10B34000E8F7FF1F2DE9F0414548464D8EB0012139
:10B35000FCF740FF01214FF4C010FCF73BFF012137
:10B360004148FDF7CFFA09A8FDF7C4FA3F4B4FF467
:10B37000805209A92846CDE909230124FDF7EAF9FD
:10B380004FF400671823284609A9ADF829308DF835
:10B390002B400997FDF7DEF921463548A5F52445F0
:10B3A000FCF718FF03A8FCF72BFD0026314B039395
:10B3B00003A92846ADF810608DF81240FCF726FD71
:10B3C00009A8FCF7BBFF06234FF0020801A9ADF85E
:10B3D0000430284640F20273ADF806308DF808803C
:10B3E000FCF7CAFC05A928468DF81440ADF8166094
:10B3F0008DF81840CDF81A60CDF81E60FCF75EFDA0
:10B4000005A9284640F20113ADF81630FCF756FDA9
:10B41000194B502283F81623214683F8142328461B
:10B4200083F8152383F813232246FCF781FE224676
:10B4300041462846FCF77CFE224628461021FCF7B0
:10B4400077FE224639462846FCF772FE22464FF424
:10B4500000412846FCF76CFE0EB0BDE8F08100BF4D
:10B4600002001800000801400004002C000408013C
:10B4700019001C000000010100E100E0064B4FF440
:10B4800080021A604FF480121A604FF400121A60A2
:10B490004FF400221A60704700E100E0104B4FF4B7
:10B4A0008002C3F88020BFF34F8FBFF36F8F4FF43C
:10B4B0008012C3F88020BFF34F8FBFF36F8F4FF41C
:10B4C0000012C3F88020BFF34F8FBFF36F8F4FF48C
:10B4D0000022C3F88020BFF34F8FBFF36F8F7047F8
:10B4E00000E100E000B50368002B87B01BDB002201
:10B4F000C3F30A03CDE901328DF80C20027B8DF8ED
:10B500000E200023011D0DF10F008DF80D3002F00B
:10B510009BF901A90848FCF761FD043818BF012018
:10B5200007B05DF804FB0121002223F06043CDE960
:10B5300001238DF80C10E1E70064004010B5194BB1
:10B54000DA68910786B004461DD11A69920702D1C4
:10B55000002006B010BD184601AA0121FCF796FD97
:10B560009DF80C30012B17D0002BF1D1019B2360EB
:10B570009DF80E2022730DF10F01201D02F064F9D9
:10B58000012006B010BD184601AA0021FCF77EFD7F
:10B590009DF80C30012BE7D1029B43F00043236060
:10B5A000E6E700BF00640040FFF708B8FFF706B801
:10B5B000024B034A9A60FFF741B800BF00640040A5
:10B5C0000101010082B0084B00220192996911F03B
:10B5D000700F07D09969042001F070010191586043
:10B5E0009A61019B02B0704700640040FDF710B8FB
:10B5F0002DE9F0410E4604464FF481720021304699
:10B6000002F030F9234610220021304602F054F8AF
:10B61000A7789FB1033404EB070810252346294679
:10B6200008223046013402F047F8A04505F108052C
:10B63000F4D1F8001730C008BDE8F0810220BDE861
:10B64000F08100BFF0B50746808A144A8300A2FB50
:10B650000323C3F38703142B83B00B701BD8ABB148
:10B6600000240E462546013506EB4503214600938E
:10B670000E220123384601F0C3FD3278954223465D
:10B6800004F10E04EFD31533B88ADB08C01A18BFD3
:10B69000012003B0F0BD012003B0F0BD9324499216
:10B6A00030B50C460546002183B003462160616039
:10B6B000A160A1812022204601F0FEFF686802F00F
:10B6C00063F80DF10603ADF8060010222021204694
:10B6D00001F0F2FFA86802F057F80DF10603ADF88B
:10B6E000060010223021204601F0E6FFE86802F053
:10B6F0004BF80DF10603ADF806001022204640215C
:10B7000001F0DAFF05F1100320461222502101F06A
:10B71000D3FF05F1140320460722622101F0CCFF7C
:10B72000204605F115030522692101F0C5FF0E2011
:10B7300003B030BD10B582B004460023009108224A
:10B74000194601F05DFDA08A013818BF012002B042
:10B7500010BD00BF2DE9F0430F46054683B040F20F
:10B7600079120021384602F07DF82B462022002174
:10B77000384601F0A1FF2B1D02222021384601F09E
:10B780009BFF6B1D03222221384601F095FFAB1D64
:10B7900003222521384601F08FFF05F1080310220E
:10B7A0002821384601F088FF05F1100308223821CE
:10B7B000384601F081FF05F1110308224021384687
:10B7C00001F07AFF05F1120308224821384601F002
:10B7D00073FF05F1140320225021384601F06CFF5D
:10B7E00005F1180340227021384601F065FF05F18C
:10B7F00020030822B021384601F05EFF05F1210345
:10B800000822B821384601F057FF05F12206C0246E
:10B810000822334621463846144401F04DFFB4F562
:10B82000A07F06F10106F3D195F832208DF80720AC
:10B830000DF1070321460822384601F03DFF9DF82F
:10B8400007304FF4A47683B1002405F1330808EBE8
:10B85000040331460822384601F02EFF9DF80730D8
:10B8600001349C4206F10806F1D395F83231502B91
:10B87000994628BF4FF050098BB105F2331404EB01
:10B88000090835462346294608223846013401F086
:10B8900013FFA04505F10805F4D106EBC906F01D1C
:10B8A000C00803B0BDE8F08338B50C46002105465A
:10B8B00021600346C4F803102046202201F0FCFE5C
:10B8C0002B1D20460222202101F0F6FE6B1D204692
:10B8D0000322222101F0F0FEAB1D20460322252188
:10B8E00001F0EAFE204605F108031022282101F0AC
:10B8F000E3FE072038BD00BF2DE9F0430F4683B0BB
:10B9000004467B220021384601F0ACFF2346032287
:10B910000021384601F0D0FE61781F2928BF1F2181
:10B920000DF107038DF8071005220321384601F0B9
:10B93000C3FE9DF80730082683B1002504F10208F4
:10B9400008EB050331460822384601F0B5FE9DF8A4
:10B95000073001359D4206F10806F1D394F82130F5
:10B960005A2B994628BF4FF05A0983B1223404EB71
:10B97000090835462346294608223846013401F095
:10B980009BFEA04505F10805F4D106EBC906F01DA4
:10B99000C00803B0BDE8F0832DE9F04182B00E4647
:10B9A0000023194607220096074601F029FC731C64
:10B9B0000093012200230721384601F021FCBA8AB6
:10B9C000531E03F0FF03102BB3701AD8EBB1002401
:10B9D00006F1030808EB0403E50008220093A91808
:10B9E0000023384601F00CFCB37801349C42F1D3BB
:10B9F0001735BA8AE808101A18BF012002B0BDE84E
:10BA0000F081012002B0BDE8F0810120F3E700BF22
:10BA10002DE9F04182B0002307460E46009108222E
:10BA2000194601F0EDFBB88A431E03F0FF03C82B53
:10BA300073701BD8F3B1002506F101086B1C1D467D
:10BA4000DC0043440093082200232146384601F0DD
:10BA5000D7FB7378AB42F1D804F10F03B88ADB0847
:10BA6000C01A18BF012002B0BDE8F081012002B069
:10BA7000BDE8F0810123F3E7F8B50E4605468122C3
:10BA80000021304601F0EEFE2B4608220021304610
:10BA900001F012FE95F901306F78002B14DBAFB185
:10BAA000002302355C1C08222B44E100304601F0E3
:10BAB00003FEBC422346F5D3781C002F4FEAC0009A
:10BAC00008BF1020C008F8BD7F27E9E70120F8BDB6
:10BAD00030B583B00C460023054619460094082271
:10BAE000083401F08DFB0094012330220821284600
:10BAF00001F086FBA88A073818BF012003B030BDCB
:10BB000038B50C460021216005460346C4F80310F1
:10BB10002046302201F0D0FD204605F10803012225
:10BB2000302101F0C9FD072038BD00BF2DE9F041EB
:10BB300084B000230E460D2219460096074601F0F8
:10BB40005FFB0DF10F030093032200230D21384604
:10BB500001F056FB9DF80F30042B07D85A1E3372A4
:10BB6000032A73D8DFE802F0295A6506012004B0E1
:10BB7000BDE8F08106F11003009308220023102194
:10BB8000384601F03DFB337C802BEFD8002B5BD097
:10BB9000002506F11108EC0008EB0503009304F101
:10BBA000180100230822384601F02AFB337C0135B6
:10BBB0009D4204F12004EED309E006F11003009346
:10BBC000402201231021384601F01AFB5024BA8A82
:10BBD000C4EBC203C3F3C7035C2B86F89830C5D807
:10BBE0009BB1002506F1990808EB05032146009357
:10BBF00008220023384601F003FB96F898300135FF
:10BC00009D4204F10804EFD3BA8A0734B2EBD40F93
:10BC100014BF0120002004B0BDE8F08106F110033C
:10BC20000093202201231021384601F0E9FA302444
:10BC3000CDE706F1100300930822002310213846B7
:10BC400001F0DEFA1824C2E71824C0E71024BEE78A
:10BC50002DE9F04704460E4682B040F273120021EF
:10BC6000304601F0FFFD22788DF806200DF1060325
:10BC700003220521304601F01FFD2378013B032BF1
:10BC800000F21681DFE803F0EFCE2E02237A802B3C
:10BC900028BF802308220DF107098DF807301146CF
:10BCA0004B46304601F008FD9DF80730002B00F0B0
:10BCB000FB8010274FF0000804F1090A0AEB080383
:10BCC00039460822304601F0F7FC9DF8073008F1AC
:10BCD000010898453D4607F10807EFD305F10D012E
:10BCE00010350AE008221146A318304601F0E4FCA2
:10BCF0001825152110270DF1070994F890208DF8CB
:10BD000006200DF106030322304601F0D5FC94F81D
:10BD10009030013B032B2FD8DFE803F09B912502E5
:10BD200094F89830802B28BF802329468DF807305F
:10BD300008224B46304601F0BFFC9DF8073007F162
:10BD40001005CBB1002704F1990808EB0703294639
:10BD500008223046154401F0AFFC9DF8073001374A
:10BD60009F42F2D308E0294604F1980308223046A6
:10BD700007F1100501F0A0FC94F820318DF8073090
:10BD800002224B46A91D304601F096FC94F8203162
:10BD9000012B05F108077DD0022B08D1394604F5A7
:10BDA00094732022304605F1280701F085FC94F8B1
:10BDB00030218DF807204B460222B91D304601F094
:10BDC0007BFC94F83031012B07F1080858D0022B86
:10BDD00008D1414604F59C732022304607F128081B
:10BDE00001F06AFC94F840315C2B994628BF4FF073
:10BDF0005C098BB104F2411404EB09074546234664
:10BE0000294608223046013401F056FCA74205F1CC
:10BE10000805F4D108EBC90808F10700C00802B012
:10BE2000BDE8F087082104F108032022304601F024
:10BE300043FC30252D2128270DF107095DE7294610
:10BE400004F198032022304607F1280501F034FC64
:10BE500092E7294604F198034022304607F148054D
:10BE600001F02AFC88E7082104F10803402230464B
:10BE700001F022FC50254D2148270DF107093CE730
:10BE8000414604F59C734022304607F1480801F012
:10BE900013FCA7E7394604F594734022304605F1B8
:10BEA000480701F009FC82E718251521102724E72F
:10BEB00010250D2108270DF107091EE7B0F820C055
:10BEC000BCF1070F40F29D80F0B50022D0E902548A
:10BED000864641F221014FF6FF70C2F12007A2F120
:10BEE000200625FA02F304FA07F73B4324FA06F684
:10BEF0003343DBB280EA032313F4004F4FEA4303DA
:10BF00009BB218BF4B4013F4004F4FEA43039BB260
:10BF100018BF4B4013F4004F4FEA43039BB218BFC6
:10BF20004B4013F4004F4FEA43039BB218BF4B4002
:10BF300013F4004F4FEA43039BB218BF4B4013F476
:10BF4000004F4FEA43039BB218BF4B4013F4004F1E
:10BF50004FEA43039BB218BF4B4013F4004F4FEA24
:10BF6000430318BF9BB202F108020CBF98B283EAE8
:10BF70000100402AB1D1DEF81C1041F221028C44AC
:10BF800011F8013B80EA032313F4004F4FEA430307
:10BF90009BB218BF534013F4004F4FEA43039BB2C8
:10BFA00018BF534013F4004F4FEA43039BB218BF2E
:10BFB000534013F4004F4FEA43039BB218BF534062
:10BFC00013F4004F4FEA43039BB218BF534013F4DE
:10BFD000004F4FEA43039BB218BF534013F4004F86
:10BFE0004FEA43039BB218BF534013F4004F4FEA8C
:10BFF000430316BF9BB298B283EA02006145BFD1EA
:10C00000F0BD4FF6FF7070472DE9F041446A002CF7
:10C010003CD04F6827F06048C7F38A4E1EEA270ECF
:10C0200038BFC646FD0F2646C7F38077234607E094
:10C03000002A14DBF44516D11A681E46CAB113460D
:10C040005A68B5EBD27F22F0604CF1D1E04513D0B5
:10C05000F2D29C4219D031600B60BDE8F0814FEA0A
:10C060009C4CF445F5D0F445F3D81A681E46002AD6
:10C07000E5D11960BDE8F081C2F3807CBC4502F0D7
:10C080008042D9D0002AD7D0E3E70C604162BDE8F6
:10C09000F08100BF2DE9F043CF8A9E46C7F3090324
:10C0A000052B0D46164600F0A6801F46042F1FFAEA
:10C0B0008EF300F2D680BEF1000F00F0B280CA19F4
:10C0C000042F3178D17607F1010200F0C780012BEF
:10C0D00000F0A7802A447178D176032F07F102027D
:10C0E00000F0B980022B00F09C802A44B178D17610
:10C0F000022F07F1030200F0B780032B00F09180BC
:10C10000A918F478CC76032A40F0B180042B00F013
:10C1100088803279EA774FF0050C634540F28180E0
:10C12000584A6C68A7F105084FEA9803A2FB03235D
:10C13000C3EBC303A8EB83081FFA88F2002C5FD07F
:10C14000236801212BB11C461B68013189B2002BE9
:10C15000F9D1AEF10503DFF82C913B449B08A9FB14
:10C16000039301339BB28B4202D9B8F1000F60D028
:10C17000F4451FFA8EF131D24FF00008131D9BB227
:10C180000CF11C09013BA9EB020906EB0C0E234440
:10C190001FFA89F90CF1010261451FFA82FC1DD9D1
:10C1A0001EF8012B03F8012FCC45F3D1614515D9B9
:10C1B0004368DBB14289B0F80CC0D3F800E0C0F8A6
:10C1C00004E0013292B29445428100D28281C3F8E8
:10C1D0000080CC46236000221C46CFE7EB8A39441E
:10C1E00061F30903EB820120BDE8F08323606FF067
:10C1F0000200BDE8F083C7F309074FF0000C8FE79A
:10C200004468002C36D0428981892368436001321A
:10C2100092B29142428138BF8281002222606C60DA
:10C22000A6E7EA8A3B4463F30902EA820120BDE8FB
:10C23000F083416809B34289B0F80C800B68436011
:10C24000013292B29045428100D2828100220A607E
:10C2500021600C468CE74FF0020C5EE74FF0010CBA
:10C260005BE74FF0000C58E74FF0030C55E74FF039
:10C27000040C52E76FF00200B6E7C4F800806FF0DC
:10C280000200B1E7254992242DE9F04F1F465B6972
:10C2900083B0CDE90012002B00F03F813B8C0546B6
:10C2A000002B00F0C880FA69002A00F03681072BC5
:10C2B00040F2C1804FF0000980224C46C8464E46ED
:10C2C00092E0B7F820E00023A6459C4640F2AB8000
:10C2D000FD690B4404F1010A15F804B083F808B0B5
:10C2E0001FFA8AFA0CF10103D6459BB240F2D980BD
:10C2F0000B4415F80AA083F808A004F1020A1FFAFB
:10C300008AFA0CF10203F2459BB280F0CA800B441A
:10C3100015F80AA083F808A004F1030A1FFA8AFAA4
:10C320000CF10303F2459BB280F0BB800B4415F87F
:10C330000AA083F808A004F1040A1FFA8AFA0CF193
:10C340000403D6459BB240F2AC800B440CF1050BC4
:10C3500015F80AA083F808A01FFA8BFB5B4604F1CE
:10C36000050A072B1FFA8AFA00F09E80D64540F294
:10C370009F800B440CF1060C15F80AA083F808A066
:10C380001FFA8CFC634604F1060A062B1FFA8AFA90
:10C3900040F08A80D64598BF544644D915F80A30F3
:10C3A0008B730734A4B20723A64570D04FF0080C56
:10C3B0007D692D7805F01F050B4445EA49152A4390
:10C3C0001A72009B81F810C043F000434B60FFF7E6
:10C3D0001BFE3B8C08F10108A3420FFA88F889F094
:10C3E00001094FF0000258D00169002953D0C38AD7
:10C3F000B0F818C05D1C0B680361ABB29C45C382EA
:10C4000000D203830E604E608E60CE600E61002C01
:10C410007FF457AF019D0D81B7F820E00223A645B8
:10C420009C463FF655AFA64533D063460CF1010C50
:10C430005FFA8CFCBCE72C696CB323682B61EB8A38
:10C440002A8B01339BB29A42EB822FD300232360C5
:10C450006360A360E36023613A8CF96904F108002A
:10C4600001F0F2F9398C4A1C93B2082B23D90C2B1A
:10C470003BD9102B41D9142B43D9182B45D9202B4C
:10C4800047D9302B35D93F234022194615E04FF0CC
:10C49000070C4022C9E76FF00208404603B0BDE830
:10C4A000F08F54469C46BEE754467DE72B83CDE78C
:10C4B0005446DC46B7E7D2B20B4639842274796918
:10C4C000E2180B78009903F01F0341F0004063F07D
:10C4D0003F031372214660602846FFF795FD4FF039
:10C4E0000108404603B0BDE8F08F0B230C2219462B
:10C4F000E3E72F2330221946DFE70F2310221946E6
:10C50000DBE7132314221946D7E71723182219460D
:10C51000D3E71F2320221946CFE76FF00108BCE7BD
:10C52000F8B5044616460D462C2200211F4601F0A0
:10C5300099F9069B6360B6F5001F079BA760A3628D
:10C5400022D25FEA561EE561C6F34F1004F11003D4
:10C5500013D0AC4600221946013272456346C1F839
:10C5600000C00CF1200CF6D30EF1FF33BEF1000F2A
:10C570004FEA431308BF00232B4400221A60A08215
:10C58000E2822283E260F8BD4FF6FF7EE56104F1AE
:10C5900010037046DDE700BF03781BB94BB2002BD8
:10C5A000C8BF0170704700BF00787047CB6970B595
:10C5B0000D460446002B00F08380287E1F2800F2E1
:10C5C00083802678002E62D12A8C072A00F281808F
:10C5D000B5F810E03EF0030176D1002A77D003EBE6
:10C5E000020C41F221014FF6FF7213F8016B82EA4F
:10C5F000062212F4004F4FEA420292B218BF4A409C
:10C6000012F4004F4FEA420292B218BF4A4012F4AD
:10C61000004F4FEA420292B218BF4A4012F4004F54
:10C620004FEA420292B218BF4A4012F4004F4FEA5A
:10C63000420292B218BF4A4012F4004F4FEA42023F
:10C6400092B218BF4A4012F4004F4FEA420292B22F
:10C6500018BF4A4012F4004F4FEA420292B218BF8C
:10C660004A409C45C1D147F6FE731A4052024FEA38
:10C670000E2646EA006040EA02062B464FF6FF729D
:10C6800031462046FFF700FE002810DC70BD2A8AE4
:10C69000030643EA022328461E43FFF70FFC2B46FE
:10C6A000024631462046FFF7EFFD0028EEDD6A69BD
:10C6B00013780133DBB21F2B88BF0023137070BDCA
:10C6C0000A8C002A3FF479AF6FF0010070BD024A76
:10C6D000CDE76FF0030070BD00FCFF002DE9F043D3
:10C6E0008BB0044616460021282268461D46BDF838
:10C6F00048809DF85090BDF8587001F0B3F8139B36
:10C7000005936946159BADF810802046CDE902657A
:10C710008DF818900793ADF82070FFF747FF0BB026
:10C72000BDE8F0832DE9F0438BB00C469DF8541022
:10C730009DF848609DF85080ADF81060A1F10107A8
:10C74000CDE90223B7FA87F7139A169B05927F0962
:10C75000BDF85C208DF80070054607938DF81880B1
:10C76000ADF820201BB3B8F11F0F22D895F8009028
:10C77000B9F1000F2BD06846FFF7A0FB210241EA78
:10C78000C73141EA090141EA086141EA064102462E
:10C790006B4641F080012846FFF776FD002803DD57
:10C7A0009DF80030012B07D00BB0BDE8F083002AC4
:10C7B000D9D06FF00100F7E7059A13780133DBB2A7
:10C7C0001F2B88BF002313700BB0BDE8F0836FF000
:10C7D0000300E9E7406A00B104307047426AC38A47
:10C7E000D2F800C00169C0F824C0013B11600261A9
:10C7F000C38270472DE9F04F0E46096897B00C06CA
:10C800000546C1F3C010CDE9052347BFC1F3C03AC7
:10C81000C1F306234FF0020A0346002980F2188470
:10C8200011F0C04840F01484327B002A00F01084DC
:10C83000BAF1020F03D02C789C4240F01584C1F36A
:10C8400004640A9401F07F040394002800F0D0816E
:10C85000C1F3074B32444FEA4369D7780399002369
:10C8600049EA0A490022CDE90C2349EA8149FB093A
:10C8700049EA0B09049300F06C8100916C685346FF
:10C880005A460CA92846A047002800F0F3832C6ADA
:10C89000002C00F01D832369994529D02468002CC1
:10C8A000F9D10EAB21461846202200F0DBFF2C699F
:10C8B000CDF848900346002C00F0D983EA8A298BF2
:10C8C00020682861013292B29142EA8200D22A8322
:10C8D0009C46BCE80F0020606160A260E360BCE899
:10C8E0000F0020616161A261E3612B6A23602C6209
:10C8F00094F8179096F80DE0CDF81CE007F01F02B1
:10C90000C9F38403991A1FFA81FE0029B8BF0EF1FA
:10C910002001D4E902C0CDE90822A2EB03021FFAEC
:10C9200082FEB8BF09B2002ABCBF0EF1200212B2CB
:10C930005CEA000E636840F016819DF82490E27D69
:10C9400069F386026FF3C712E2759BB1EA8A286920
:10C95000013A92B200E00B461968186002F1FF3C00
:10C96000964618461FFA8CF20029F4D12B61A5F8DF
:10C9700016E06160079BA376E38A6FF30903E38205
:10C98000049B002B00F029817B0600F1C78294F8FC
:10C990001790C7F34013B3EBD91F40F07283089B85
:10C9A000C9F384094B4540F06F83049B002B40F092
:10C9B0002781BB0900F0F382E18A96F80C80C1F36D
:10C9C000090108F1FF300429C0B200F201820028F9
:10C9D00000F0E18263183279DA76042901F101036B
:10C9E00000F05583012800F0D68223447279DA766C
:10C9F000032901F1020300F04C83022800F0CB82EE
:10CA00002344B279DA76022901F1030300F043836B
:10CA1000032800F0C082E218F779D776032B40F0A4
:10CA20003C83042800F0B782337AE37705226368F9
:10CA3000059F0E978242069F0F9738BF043204F17C
:10CA40001B071193109734BF9219002201441292D0
:10CA5000ADF84C1000220899ADF84EB06AF3070209
:10CA600061F30F220A9961F31742039961F31F6280
:10CA70001492B8F1010F4FF00002626006F1040158
:10CA8000A28A42D008F10308464441F2210011F87D
:10CA9000017B82EA072212F4004F4FEA420292B26F
:10CAA00018BF424012F4004F4FEA420292B218BF40
:10CAB000424012F4004F4FEA420292B218BF424085
:10CAC00012F4004F4FEA420292B218BF424012F4F1
:10CAD000004F4FEA420292B218BF424012F4004F98
:10CAE0004FEA420292B218BF424012F4004F4FEA9E
:10CAF000420292B218BF424012F4004F4FEA420283
:10CB000092B218BF42408E42C1D1278BA282974277
:10CB100000F03282002B00F09E822E69E98A00E04C
:10CB2000034618681E60013989B21E460028F7D1F5
:10CB30002B61E98209F10103BA4203F01F034FEAB6
:10CB400083230CBF00206FF01000E38217B0BDE814
:10CB5000F08F2C6A1CB946E02468002C43D023696E
:10CB60009945F9D1C4E6DDF814E0BEEB0C0CDDF814
:10CB700018E0CDF82CC06EEB000E934860454FF0E6
:10CB8000000070EB0E00FFF4D8AEA07EDDF81CC0F4
:10CB9000604500F000818D490B9881424FF0000103
:10CBA00071EB0E0180F00B810499002900F00781E0
:10CBB0000F2A00F304819DF82490E27D69F3860238
:10CBC0006FF3C712E275002B7FF4C0AE079AA2760E
:10CBD000E28A63F30902E282D6E6E37D09F1010A03
:10CBE0006AF38603E3756FF00C0017B0BDE8F08FB1
:10CBF000C1F30F2B49067FF42DAE0BF0030B29E692
:10CC0000BF09022F7FF4D8AE337B032B40F264823E
:10CC1000059AA260069AE260E28A033B6FF309027A
:10CC2000B71DE282DBB23A46214605F10C00FFF760
:10CC300031FA0028C0F26A82DDE90C50B388238300
:10CC40004FF6FF7141F22102C8F1200EA8F1200C2D
:10CC500025FA08F300FA0EFE20FA0CFC43EA0E0354
:10CC600043EA0C03DBB281EA032313F4004F4FEADB
:10CC700043039BB218BF534013F4004F4FEA4303E2
:10CC80009BB218BF534013F4004F4FEA43039BB2CB
:10CC900018BF534013F4004F4FEA43039BB218BF31
:10CCA000534013F4004F4FEA43039BB218BF534065
:10CCB00013F4004F4FEA43039BB218BF534013F4E1
:10CCC000004F4FEA43039BB218BF534013F4004F89
:10CCD0004FEA430318BF9BB208F108080CBF99B292
:10CCE00083EA0201B8F1400FAED1A182337B033B4E
:10CCF00013F0FF0343D006331E4441F2210217F81C
:10CD0000013B81EA032313F4004F4FEA43039BB234
:10CD100018BF534013F4004F4FEA43039BB218BFB0
:10CD2000534013F4004F4FEA43039BB218BF5340E4
:10CD300013F4004F4FEA43039BB218BF534013F460
:10CD4000004F4FEA43039BB218BF534013F4004F08
:10CD50004FEA43039BB218BF534013F4004F4FEA0E
:10CD600043039BB218BF534013F4004F4FEA4303F1
:10CD700016BF9BB299B283EA0201BE42BFD1A18223
:10CD8000E37DDA43C2F3C012002062F3C713E375F8
:10CD900017B0BDE8F08F049800283FF4FAAD0129E0
:10CDA0003FF709AF002B00F07A819DF82490E27DD7
:10CDB000002169F3860261F3C712E275C6E500201F
:10CDC00017B0BDE8F08F00BF80841E0040420F0006
:10CDD0006368002B00F03A811A68002A00F04D8148
:10CDE0004FF0050C174612680CF11C0C002AF9D103
:10CDF000A1EB0C021B2A00F2298100285ED007EB70
:10CE0000020C96F804E08CF804E01B2A02F1010CF5
:10CE100000F05C81012851D0BC4496F805E08CF804
:10CE200004E01A2A02F1020C00F04E81022845D0DB
:10CE3000BC4496F806E08CF804E0192A02F1030CD1
:10CE400000F03E81032839D0BC4496F807E08CF806
:10CE500004E0182A02F1040C00F09F8004282DD071
:10CE6000BC4496F808E08CF804E0172A02F1050C9F
:10CE700000F02881052821D0BC4496F809E08CF800
:10CE800004E0162A02F1060C00F02281062815D0D3
:10CE9000BC4496F80AE08CF804E0152A02F1070C6D
:10CEA00000F01881072809D06744142A96F80BC0AF
:10CEB00087F804C008BF08223FF4BAAD059A0E9265
:10CEC000069A0F9204F11B02109211930022BDE505
:10CED0000EAB21461846202200F0C4FC2C69CDF888
:10CEE00048900346002C00F0C280EA8A298B206813
:10CEF0002861013292B29142EA8200D22A839C4692
:10CF0000BCE80F0020606160A260E360BCE80F0035
:10CF100020616161A261E3612C62E9E4059B069AEC
:10CF2000A3600027E260CDE90E32089AADF84EB05A
:10CF30003B466AF3070362F30F230A9A159762F3DD
:10CF40001743039A62F31F631493337BAA68013B70
:10CF5000DBB204362846ADF84C30CDE91177109697
:10CF60000EA99047E37D3846C3F38403013303F0F1
:10CF70001F039B02E38238E6AB680EA92846984758
:10CF800094F81790119BA28A278BC9F38409002B70
:10CF90007FF4C3ADCEE5636890E7042248E5337BB8
:10CFA000371D013BDBB23A46214605F10C00FFF785
:10CFB00071F80028C0F29380327BA38A013A12F004
:10CFC000FF0241D00432164441F2210117F8012B2F
:10CFD00083EA022313F4004F4FEA43039BB218BFC6
:10CFE0004B4013F4004F4FEA43039BB218BF4B4032
:10CFF00013F4004F4FEA43039BB218BF4B4013F4A6
:10D00000004F4FEA43039BB218BF4B4013F4004F4D
:10D010004FEA43039BB218BF4B4013F4004F4FEA53
:10D0200043039BB218BF4B4013F4004F4FEA430336
:10D030009BB218BF4B4013F4004F4FEA43039BB21F
:10D0400018BF4B40B742C1D1A38299E60022EFE45A
:10D050006FF00900C9E509F1010303F01F039B020A
:10D06000E3826FF01000C0E56FF00A00BDE56FF0DD
:10D070000200BAE56FF00B00B7E51F464FF0050C54
:10D08000B6E66FF00D00B0E56FF00E00ADE50122E1
:10D09000CDE40222CBE40322C9E40422C7E42449FC
:10D0A0000B98814273EB0E03BFF46EAC0F2A3FF76F
:10D0B0006BAC07F01F039B0284F81AC0E38263E4A1
:10D0C0000322B5E40522B3E40222B1E40122AFE475
:10D0D0000622ADE40722ABE46FF00F0085E562683D
:10D0E00082B1EB8A2869013B9BB200E00A461168D5
:10D0F00010605F1E1E461046BBB20029F6D12A61A1
:10D10000EE826160E37D6FF002002DE76268002A25
:10D11000F8D0EB8A2869013B9BB200E00A4611680F
:10D1200010605F1E1E461046BBB20029F6D1E6E72E
:10D1300040420F002DE9F043046A002C34D02F4EFA
:10D1400094469E4622460025D2E90213BCEB01011B
:10D150006EEB03038E4275EB030327D2036A9342FF
:10D1600029D05368002B42D0C18AD0F810800139F1
:10D1700089B200E03B461F68C3F800808946013948
:10D1800089B29846002FF5D15760D78A11686FF39E
:10D190000907D78209F1FF392160136002610A464D
:10D1A000A0F81690002ACFD1BDE8F083144612688B
:10D1B000002AC9D1F8E75168E9B10769C38A00E0DC
:10D1C00021460C680F60013B9BB20F46002CF7D143
:10D1D0005460D48A6FF30904D48214680462013B5A
:10D1E000116002612246C382002AADD1DCE70369E7
:10D1F000B0F81690C9E70169C38AEAE780841E0087
:10D200002DE9F04F8FB08A4607920A9308900028C4
:10D2100000F008821899002900F00482511E1C4673
:10D22000CBB23F2B0B9100F2FD81012A02D1002CE1
:10D2300040F0F881089BB3F814800023BAEBC80FC4
:10D24000CDE90C334FEAC80380F00881079A5244B5
:10D25000934236BFA3EB0A03079BDBB20993089BFB
:10D26000DB680293002B00F0FD80BAF1270F40F23B
:10D27000028108F10058A8F105084FEAC80301939C
:10D28000099B039300230593039B002B00F0B080C0
:10D2900028214FF47F48DDF80490B9F1E00F28BF52
:10D2A0004FF0E00909EB010BD3455DD9039C0494D1
:10D2B000ABEB0A039C42C0F0CD805FFA8AF0049386
:10D2C0005FFA8BF3C21A1B1ADBB214440693E3B263
:10D2D0000393029B03F1040C059BAAEB01014FEAA7
:10D2E000D30E03F00700049B0CEBD10C01F00701F7
:10D2F000CE18CA0800F0070501F007031CF8022049
:10D30000AB4202FA03F238BF2B46C3F10803771A87
:10D31000BB4228BF3B460EEBD0041944184428FA00
:10D3200003F3DBB2EA402B410CAD8E422D5D82EA65
:10D33000050203EA02030CAA83EA05031355D8D1B8
:10D34000DDE905231344049A9244019AA2EB0902F1
:10D350000192029A12680292DBB205936AB1039BB2
:10D36000002B45D0594696E7019BA3EB0903019397
:10D37000029B1B680293002BF4D1089B1869B8B379
:10D38000039BABB3AAEB0B0100EBD10001F007014B
:10D390000B441F46059B4FF47F484FEAD30E03F022
:10D3A0000704CA0804F0070601F00703825CB342D1
:10D3B00002FA03F238BF3346C3F10803A7EB010CAE
:10D3C000634528BF63460EEBD40519441C4428FA74
:10D3D00003F3DBB2F24033410CAE8F42765D82EA5A
:10D3E000060203EA02030CAA83EA06035355D8D1C6
:10D3F000099B18B293B3079B5E070AD05A4202F00A
:10D4000007010EAA02EBD30313F8082C0A4103F814
:10D41000082C079B082B00F28B800A9B9BB1079B73
:10D42000082B10D00799082900F2E5809DF83030CC
:10D430000B9A23FA02F2D50705D54FF0FF328A4046
:10D4400013438DF83030189A9DF8303013700FB0B8
:10D45000BDE8F08F0023069403933AE700200FB055
:10D46000BDE8F08F089B1869002800F0DE80BAF153
:10D47000270F00F2D08009990191CAF1280399423F
:10D4800065D2002305910393019B0AF0070000EB8E
:10D49000030C089B60459B684FEADA0233D003EB2C
:10D4A000020B00231C461E464FF47F491F4602E034
:10D4B00013F8087CE60804F0070300F007059D4216
:10D4C00029464FEAD00238BF1946C1F10801ACEB3A
:10D4D000000E71451BF8022028BF7146AA4029FAA8
:10D4E00001F5DA40EDB245FA03F37A400EAD2E4471
:10D4F0001A40084487EA02030C44844506F8083CB5
:10D5000005EBD403D4D1019B08F10058A8F105081C
:10D510009A444FEAC8030193029B002B7FF4B4AEF8
:10D52000089B18694FF0280B00287FF429AF5FE7AC
:10D53000102B19D80A9B1BB1079B102B7FF472AFDD
:10D54000BDF83030189A13800FB0BDE8F08F01930A
:10D550005FFA8AF3A3F12802C3F12803DBB20A447D
:10D560000593D3B203938FE7202B14D80A9B73B192
:10D57000079B202B0BD0DDE90B3222FA03F3D907EE
:10D5800005D507994FF0FF338B4013430C93189A3E
:10D590000C9B13605BE70A9B3BB3079B402B24D09B
:10D5A000DDE90C510B9B079EC3F1200201FA02F248
:10D5B00025FA03F31343A6F1210221FA02F21343E1
:10D5C000DB0712D50123A6F12002C6F1200403FADD
:10D5D00002F223FA04F4B3405B4242EA040262EB33
:10D5E00042022B430A43CDE90C32DDE90C231899A2
:10D5F000C1E900232BE7102952D8BDF830300B9A2F
:10D6000023FA02F2D4079BD54FF0FF328A4013432E
:10D61000ADF8303094E7029B0593099B03934FF0DC
:10D62000280BADE66FF0010011E7099C9A680AF03B
:10D6300007016718B9424FEADA033FF4D9AE02EBAB
:10D64000030C044605464FF47F4805E00EAB03EBA0
:10D65000D403E50813F8080CCE080EAB5A191CF8D1
:10D66000066004F0070501F00703AB4206FA03F673
:10D6700038BF2B46C3F10803A7EB010E734528BF43
:10D68000734619441C4428FA03F3EE40DBB24640CB
:10D690002B41334043408F4202F8083CD6D1A7E6E5
:10D6A000079B202B7FF667AF079B402B7FF478AF5B
:10D6B0006FF00800CBE600BF2DE9F043012A1546C4
:10D6C00038BF0125402D83B028BF40250024012A02
:10D6D000CDE9004401D9082A45D81B788DF80030DF
:10D6E0006B070AD002AB03EBD5046A4214F8083C7E
:10D6F00002F00702934004F8083CCF0801F0070E3F
:10D700004FF47F4600210EF0070901F00708C845D5
:10D7100002AB424603EBD10338BF4A46C2F10802CE
:10D72000A5EB010C07EBDE04624513F8083C28BFAB
:10D73000624603FA08F310F804C026FA02F823FA46
:10D7400009F35FFA88F88CEA030348FA09F803EA58
:10D75000080311448CEA0303A94203559644D2D12D
:10D7600003B0BDE8F083102A04D9202A06D81B682C
:10D770000093B5E71B88ADF80030B1E7D3E900238B
:10D78000CDE90023ACE700BF20F00043B3F1FF4F29
:10D7900010B5044607D31AD0240C04F4004447F60D
:10D7A000FF70204310BD0D484FF0F0612040F6F7A8
:10D7B00065FE00F58050B0F1786F28BF4FF07860BB
:10D7C000240C04F40044C0F34F30204310BD240C5B
:10D7D00004F400444FF4F840204310BD00F0FF7FF4
:10D7E00070B50D4D0D4C641BA4100026A64209D146
:10D7F0000B4D0C4C01F0C0FB641BA4100026A6428C
:10D8000005D170BD55F8043B98470136EEE755F851
:10D81000043B98470136F2E7B8F80008B8F800086A
:10D82000B8F80008BCF8000810B50139024490426D
:10D8300001D1002005E0037811F8014FA34201D087
:10D84000181B10BD0130F2E70A44914200F1FF338A
:10D8500000D1704710B511F8014B03F8014F914208
:10D86000F9D110BD02440346934200D1704703F83A
:10D87000011BF9E70CB430B5174B0C1E1D689DB0A9
:10D8800008DA8B232B604FF0FF301DB0BDE830402D
:10D8900002B070474FF40273ADF8143014BF04F1B6
:10D8A000FF332346049307934FF6FF7302900690CD
:10D8B000ADF81630209A21AB02A92846019300F05A
:10D8C000CBF8431CBCBF8B232B60002CDDD0029B0C
:10D8D00000221A70D9E700BFD0030020034611F8D8
:10D8E000012B03F8012B002AF9D1704710B503462C
:10D8F00072B10139841813F8010B11F8012F90420D
:10D9000001D1A34201D1801A10BD0028F3D1FAE75A
:10D910001046F9E710B5024601448A42134603D087
:10D920001C780132002CF8D1181A10BD30B51446FD
:10D93000002C9BB005461A4605DA8B2303604FF096
:10D94000FF301BB030BD4FF40273ADF80C3014BF84
:10D9500004F1FF332346029305934FF6FF730091C2
:10D960000491ADF80E3069461E9B00F075F8431C1B
:10D97000BCBF8B232B60002CE3D0009B00221A70CD
:10D98000DFE7000007B5009313460A460146034847
:10D990000068FFF7CBFF03B05DF804FBD003002065
:10D9A0002DE9F0478E689E4282460C4690461F46FF
:10D9B00038D88A8912F4906F32D025680969A5EBAE
:10D9C0000109656905EB450505EBD57501334B4448
:10D9D0006D109D4238BF1D46530531D5294600F0D4
:10D9E00033FB064650B90C23CAF80030A38943F034
:10D9F0004003A3814FF0FF30BDE8F08721694A461C
:10DA0000FFF722FFA38923F4906343F08003A381EF
:10DA1000266165614E44A5EB09052660A5603E467A
:10DA2000BE4200D93E4620683246414600F0A8FA80
:10DA3000A3689B1BA3602368334423600020DBE7BB
:10DA40002A4600F05BFB06460028E1D121695046DA
:10DA500000F0B0FAC7E700002DE9F04F98468B8937
:10DA60001B069DB007460D4614460ED50B6963B9DB
:10DA7000402100F0E9FA2860286120B90C233B60BE
:10DA80004FF0FF30D1E040236B6100230993202346
:10DA90008DF82930CDF80C803023DFF8A8818DF87F
:10DAA0002A304FF0010923469A4613F8012B0AB198
:10DAB000252AF9D1BAEB040B0BD05B462246294646
:10DAC0003846FFF76DFF013000F0AA80099A5A44EA
:10DAD00009929AF80030002B00F0A28000234FF04A
:10DAE000FF32CDE905230AF1010A049307938DF86B
:10DAF00053301A935446052214F8011B5148F7F786
:10DB00002FF8049AD8B9D00644BF20238DF853309B
:10DB1000110744BF2B238DF853309AF800302A2B7D
:10DB200015D0079A544600204FF00A0C214611F8F0
:10DB3000013B303B092B4ED9B0B1079214E0A0EB6A
:10DB4000080309FA03F313430493A246D2E7039BA5
:10DB5000191D1B680391002BBBBF5B4242F0020200
:10DB600007930793B8BF049223782E2B0CD16378C8
:10DB70002A2B35D1039B1A1D1B680392002BB8BFBB
:10DB80004FF0FF3302340593DFF8BCA02178032265
:10DB90005046F6F7E5FF40B14023A0EB0A0003FA38
:10DBA00000F0049B03430134049314F8011B27483D
:10DBB0008DF828100622F6F7D3FF002838D0244B22
:10DBC0001BBB039B073323F0070308330393099B15
:10DBD0003344099367E70CFB02320C460120A5E7AA
:10DBE00000230134059319464FF00A0C204610F823
:10DBF000012B303A092A03D9002BC5D00591C3E780
:10DC00000CFB012104460123F0E703AB00932A46F5
:10DC1000104B04A93846AFF30080421C0646D6D10B
:10DC2000AB895B063FF52CAF09981DB0BDE8F08FBE
:10DC300003AB00932A46074B04A9384600F07AF854
:10DC4000EBE700BFADF40008B3F40008B7F4000838
:10DC500000000000A1D900082DE9F04716469946BA
:10DC60008A680B69DDF820809342B8BF13463360A1
:10DC700091F8432007460C460AB10133336023680C
:10DC8000990642BF336802333360256815F00605F4
:10DC900006D104F1190AE36832689B1AAB4226DC0C
:10DCA00094F84320131E226818BF012392062BD438
:10DCB00004F1430249463846C04701301ED023686C
:10DCC000E568326803F00603042B08BFAD1AA368A9
:10DCD00022690CBF25EAE57500259342C4BF9B1A53
:10DCE000ED1800261A34B5421AD1002008E00123AD
:10DCF000524649463846C047013003D14FF0FF3005
:10DD0000BDE8F0870135C6E7E1185A1C302081F8DC
:10DD10004300224494F8451082F843100233C7E7C9
:10DD20000123224649463846C0470130E6D0013635
:10DD3000D9E700002DE9FF470F7E0C9D782F914613
:10DD400080460C469A4601F1430207D8622F0AD852
:10DD5000002F00F0D880582F00F0A38004F1420576
:10DD600084F842703AE0A7F16303152BF6D801A1BD
:10DD700051F823F0CDDD0008E1DD00085DDD00088D
:10DD80005DDD00085DDD00085DDD0008E1DD000807
:10DD90005DDD00085DDD00085DDD00085DDD00087B
:10DDA000EDDE000811DE0008CFDE00085DDD0008B2
:10DDB0005DDD00080FDF00085DDD000811DE0008F2
:10DDC0005DDD00085DDD0008D7DE00082B681A1D48
:10DDD0001B682A6004F1420584F842300123A3E065
:10DDE00020682968060601F104030AD50E682B6035
:10DDF000002E03DA2D23764284F843305E480A234E
:10DE000019E00E682B6010F0400F18BF36B2EFE734
:10DE10002B682068191D2960010601D51E6802E0E3
:10DE20004606FBD51E8854486F2F0CBF08230A23D3
:10DE3000002184F843106568A560002DA2BF216809
:10DE400021F0040121600EB9002D4DD01546B6FB1E
:10DE5000F3F103FB1167C75D05F8017D3746BB424F
:10DE60000E46F4D9082B0BD12368DE0708D52369A9
:10DE700061689942DEBF302305F8013C05F1FF35AA
:10DE8000521B2261CDF800A04B4603AA2146404612
:10DE9000FFF7E2FE01304CD14FF0FF3004B0BDE897
:10DEA000F087354881F845702968236851F8046B7C
:10DEB00029601D0614D5DF0744BF43F0200323600B
:10DEC0001EB9236823F0200323601023B0E72368E2
:10DED00043F0200323607823284884F84530E3E7A3
:10DEE000590648BFB6B2E6E71546BBE72B68266879
:10DEF0006169181D286035061B6801D5196002E0AC
:10DF00007006FBD51980002323611546BAE72B68FC
:10DF10001A1D2A601D68626800212846F6F720FE57
:10DF200008B1401B606063682361002384F84330BC
:10DF3000A8E723692A4649464046D0470130ABD07E
:10DF400023689B0713D4E068039B9842B8BF184628
:10DF5000A4E70123324649464046D04701309BD0D2
:10DF60000135E36803995B1AAB42F2DCEBE700256D
:10DF700004F11906F5E700BFBEF40008CFF400086D
:10DF8000884210B501EB020402D98442234607D827
:10DF9000431EA14208D011F8012B03F8012FF8E726
:10DFA000024401468A4200D110BD13F8014D02F827
:10DFB000014DF7E738B50546002941D051F8043C3A
:10DFC0000C1F002BB8BFE41800F0CEF81D4A1368F0
:10DFD00033B9636014602846BDE8384000F0CAB821
:10DFE000A34208D9206821188B4201BF19685B68D9
:10DFF00009182160EDE71A465B680BB1A342FAD914
:10E0000011685018A0420BD1206801445018834277
:10E010001160E0D118685B68536001441160DAE771
:10E0200002D90C232B60D6E7206821188B4204BF4D
:10E0300019685B68636004BF091821605460CAE70F
:10E0400038BD00BFCC190020F8B5CD1C25F0030564
:10E0500008350C2D38BF0C25002D064601DBA942E2
:10E0600003D90C2333600020F8BD00F07DF821496E
:10E070000A6814469CB9204F3B6823B921463046B4
:10E0800000F062F838602946304600F05DF8431C25
:10E0900023D10C233360304600F06CF8E3E72368AB
:10E0A0005B1B17D40B2B03D923601C44256004E0B1
:10E0B0006368A2420CBF0B605360304600F05AF810
:10E0C00004F10B00231D20F00700C21ACCD01B1A4C
:10E0D000A350C9E722466468CCE7C41C24F00304BB
:10E0E000A042E3D0211A304600F02EF80130DDD1F5
:10E0F000CFE700BFCC190020D0190020F8B50746A3
:10E1000014460E4621B9BDE8F8401146FFF79CBF02
:10E1100022B9FFF74FFF25462846F8BD00F030F83A
:10E12000A0420FD221463846FFF78EFF0546002851
:10E13000F2D031462246FFF787FB31463846FFF7DB
:10E1400039FFE9E73546E7E738B5064D00230446D1
:10E1500008462B6000F01EF8431C02D12B6803B167
:10E16000236038BDD4190020014800F011B800BF69
:10E17000D8190020014800F00CB800BFD8190020C1
:10E1800051F8043C181F002BBCBF0B58C018704737
:10E1900070477047044A05491368002B08BF0B46B7
:10E1A0001844106018467047DC190020E019002060
:10E1B000114A20F00043934219DD00B5B3F1FF4F3F
:10E1C00083B005DB0146F6F74FF803B05DF804FBBA
:10E1D000694600F013F8420002F00202019900982B
:10E1E000C2F1010200F0ECFC03B05DF804FB002179
:10E1F000012200F0E5BC00BFDA0F493F2DE9F04FE6
:10E20000AB4A20F00044944289B00D466CDDA94A27
:10E21000944207461CDC0028A74940F31E81F6F70C
:10E2200023F8A64B24F00F049C4206466BD0A44969
:10E23000F6F71AF8014628603046F6F715F8A049B7
:10E24000F6F712F801266860304609B0BDE8F08F95
:10E250009C4A94426CDDB4F1FF4F4DDAE615863EE0
:10E26000A4EBC6542046F6F7CBFCF6F7B3F801460C
:10E2700020460591F5F7F8FF4FF08741F6F7FEF8D5
:10E280008046F6F7BDFCF6F7A5F804462146404661
:10E290000694F5F7E9FF4FF08741F6F7EFF8002114
:10E2A0000790F6F77FFA002800F0B880002120469A
:10E2B000F6F778FA002814BF01230223824A01925C
:10E2C000022200922946324605A800F00BF9002FE1
:10E2D0000646B9DAD5E9002302F1004203F1004312
:10E2E0002A606B604642AFE7002628600022304675
:10E2F0004A6009B0BDE8F08F0146F5F7B5FF00268A
:10E3000068602860A0E77149F5F7AEFF70490446E0
:10E31000F5F7AAFF014628602046F5F7A5FF6C49EE
:10E32000F5F7A2FF01266860304609B0BDE8F08F1E
:10E3300000F080FD67498046F6F7A0F84FF07C5169
:10E34000F5F794FFF6F75CFC0646F6F743F85A49F2
:10E350008346F6F793F801464046F5F785FF58499E
:10E3600082465846F6F78AF81F2E814601465046E7
:10E3700020DC721E584B53F8223024F0FF029A42E0
:10E3800018D0F5F771FF8046C5F800804146504629
:10E39000F5F76AFF4946F5F767FF002F6860BFF69B
:10E3A00053AF08F1004800F10040C5F800806860F4
:10E3B000764249E7F5F758FFC0F3C753C3EBD45390
:10E3C000082B80464FEAE452DEDD4049039258466E
:10E3D000F6F754F8804601465046F5F745FF0446E7
:10E3E00021465046F5F740FF4146F5F73DFF3849D5
:10E3F00080465846F6F742F84146F5F735FF0146A4
:10E4000081462046F5F730FF039AC0F3C753D21A6E
:10E41000192A804604DC2860A246B7E703234DE7AB
:10E420002E495846F6F72AF8014680462046F5F769
:10E430001BFF824651462046F5F716FF4146F5F789
:10E4400013FF274904465846F6F718F82146F5F712
:10E450000BFF81460146504693E7F5F707FF174B40
:10E4600024F00F049C4206460ED01549F5F7FEFE37
:10E47000014628603046F5F7F7FE1149F5F7F6FE3C
:10E480004FF0FF366860DFE61049F5F7EFFE104900
:10E490000446F5F7EBFE014628602046F5F7E4FE5A
:10E4A0000B49F5F7E3FE4FF0FF366860CCE600BF9E
:10E4B000D80F493FE3CB1640800FC93FD00FC93F6B
:10E4C00043443537800F494360F500080044353731
:10E4D00008A3852E84F9223FE0F4000800A3852ECE
:10E4E00032318D242DE9F04FDDB01C4606930991A1
:10E4F000A64B66990B9253F821300393111D04F13A
:10E50000FF3305460193C0F2EB82D31E48BF131DB3
:10E51000DB1005930133DB000A93DDE90A239B1A24
:10E520000493059A019BD61A039A12EB030818D498
:10E5300008F10108DDF89C91B044002420AF08E008
:10E5400059F82600F5F746FF0136464547F8040B13
:10E5500007D0002EF4DA01362046464547F8040B72
:10E56000F7D1039B002BC0F20F83069B019E20AACC
:10E5700002EB83079A000092039A291F02910DF57E
:10E58000907802EB030901EB8305019B002BB8BFD8
:10E59000002410DBDDF808A0BB4600245BF8041D56
:10E5A0005AF8040FF5F76AFF01462046F5F75EFEBC
:10E5B000AA450446F2D101364E4548F8044B07F10E
:10E5C0000407E2D1029B009DDDF80C901D440BABCB
:10E5D00003EB890308930CAB03EB8903083B079318
:10E5E0005CAB03EB8903B9F1000F53F850AC4FEA71
:10E5F000890821DD48AF07EB89040CAE4FF06E515E
:10E600005046F5F73BFFF6F7FBFAF5F7E3FE4FF060
:10E6100087418346F5F732FF01465046F5F724FE61
:10E62000F6F7EEFA54F8041D46F8040B5846F5F7D1
:10E630001DFEBC428246E1D1049E5046314600F0A8
:10E640003DFC4FF078510446F5F718FF00F0F6FB5B
:10E650004FF08241F5F712FF01462046F5F704FE20
:10E660000446F6F7CDFA8246F5F7B4FE0146204699
:10E67000F5F7FAFD002E044640F38A8009F1FF30D9
:10E680000CAAC6F1080352F8202042FA03F101FA5D
:10E6900003F3D31AC6F107060CAA43FA06F6002EB6
:10E6A00042F820308A447DDC00212046F6F77AF8D3
:10E6B000002800F0CE80039B09F1FF34A34210DC58
:10E6C00009F180430CAA013B089802EB8303002266
:10E6D00053F80419834242EA0102F9D1002A40F0BA
:10E6E0001081039B0CAA013B52F82330002B40F011
:10E6F0000281079B012753F804290137002AFAD029
:10E7000009EB070309F1010A0093D046069B679ABB
:10E7100003EB0906059B534403F18043013B02EBE5
:10E72000830920AB03EB860648AB03EB8A0A59F852
:10E73000040FF5F74FFE019B3060002B344606F1C5
:10E7400004061ADBDDF808B0043C002701E054F8A9
:10E7500004095BF8041FF5F791FE01463846F5F70A
:10E7600085FDAB450746F2D1009B4AF8047B08F1D2
:10E7700001089845DBDD994632E7009B08F1010866
:10E78000002798454AF8047BD1DDF4E7A4F8000897
:10E7900040F0998009F1FF330CAA52F82360361239
:10E7A000002E81DDB9F1000F0AF1010A40F39D81CD
:10E7B0000C9F002F7FD1B9F1010F1BD00CAB0122B0
:10E7C00053F8047F002F79D0531C0CA9C7F580772C
:10E7D000994541F822700CDD51F82320884401EB63
:10E7E000830300E01A68C2F1FF0243F8042B43459B
:10E7F000F8D10127049B002B0EDD012B00F0658171
:10E80000022B09D109F1FF320CAB0CA953F82230CD
:10E8100003F03F0341F82230022E7FF445AF21463A
:10E820004FF07E50F5F720FD0446002F3FF43CAF3B
:10E8300004994FF07E5000F041FB01462046F5F769
:10E8400013FD044600212046F5F7ACFF00287FF4B5
:10E8500032AFDDE90A322046991A009600F02EFB0D
:10E860004FF087410446F5F7BBFF002800F06881B0
:10E87000049B4FF06E51083320460493F5F7FEFDDC
:10E88000F6F7BEF9F5F7A6FD4FF087410546F5F717
:10E89000F5FD01462046F5F7E7FCF6F7B1F90CABBC
:10E8A00009F1010443F829002846F6F7A9F90CAB51
:10E8B00043F824003BE00123002286E701324A4569
:10E8C0007FF47EAF96E74FF07C51F5F789FF06465F
:10E8D00000283FF4E9AEB9F1000F0AF1010AC8BF00
:10E8E00002263FF765AF21464FF07E50F5F7BCFC9E
:10E8F00002260446D8E609F1010AD046CDF800A068
:10E9000004E7049B0096A3F108020CAB049253F8B1
:10E91000243063B909F18043023B0CA901EB830366
:10E9200053F80419013C083A0029F9D004920499DB
:10E930004FF07E5000F0C2FA002C0746C0F22A8148
:10E94000A30048AA02EB030801930CAA0433029324
:10E950004FF06E5602EB030908F1040559F8040D57
:10E96000F5F738FD3946F5F789FD314645F8040DD0
:10E970003846F5F783FD0CAB99450746EED1DDF837
:10E980000C90CDF810A0A8F104080027A346B9F117
:10E99000000FB8BF002515DB874C8848C24600250C
:10E9A000002603E0B7420DDB54F8040F5AF8041FA9
:10E9B000F5F764FD01462846F5F758FC0136B145E8
:10E9C0000546EFDA5CAB03EB8703BB4543F8A05C7D
:10E9D000A8F1040807F1010301D01F46D7E7669AA2
:10E9E000DDF810A0022A5C4617DC002A7FDC0FD17C
:10E9F000029C34AD2C44002054F8041DF5F736FC7D
:10EA0000A542F9D1009B0BB100F10040099B1860B1
:10EA10000AF007005DB0BDE8F08F669B032BF7D1CD
:10EA2000002C00F0C480019A5CAB134434AE53F860
:10EA3000A05CB71857F8049C28464946F5F716FC21
:10EA4000A846054629464846F5F70EFC4146F5F727
:10EA50000DFC386047F8045DBE42EBD1012C40F359
:10EA6000A680019A5CAB1344B71853F8A04C3D46FE
:10EA70000DF1D40855F804BC20465946F5F7F6FBCD
:10EA8000A146044621465846F5F7EEFB4946F5F700
:10EA9000EDFB286045F8044DA845EBD10437083656
:10EAA000002057F8041DF5F7E1FBBE42F9D1009BA9
:10EAB000002B4DD10999349A359B88600AF00700E4
:10EAC0000A604B605DB0BDE8F08F09F1FF320CAB1E
:10EAD0000CA953F8223003F07F0341F822309BE663
:10EAE00008230A930023059317E5002782E634AE36
:10EAF00006EB8305002055F8041DF5F7B7FBAE4281
:10EB0000F9D1009B002B34D1099B01461860349841
:10EB1000F5F7AAFB002C0CDD34AE012556F8041FD6
:10EB20000135F5F7A3FBAC42F8DA009B0BB100F11D
:10EB30000040099B58600AF007005DB0BDE8F08F07
:10EB40002046F6F75DF80CAB4C4643F82900EEE69C
:10EB5000DDE93423099900F1004002F1004203F19C
:10EB6000004388600AF007000A604B605DB0BDE8B2
:10EB7000F08F099A00F10043014613603498F5F7CD
:10EB800073FB002CC8DCD2E72B1F0293069B9B0073
:10EB9000009317E5669B022B05DC002B09DC7FF454
:10EBA00037AF00202EE7669B032B7FF431AF0020A8
:10EBB0007DE70020A5E700BF78F800080000C93F06
:10EBC0002DE9F04F20F00049B9F1465F83B00446CB
:10EBD00007468B46164613DAF6F712F848BB731C45
:10EBE00053EA090300F0F680012E00F0FD80214673
:10EBF0007E48F5F7F7FC0546284603B0BDE8F08FE0
:10EC00007B4B994515DB002804DA01F1004100F146
:10EC100000448B4621467748F5F726FB59460446C3
:10EC20007548F5F721FB2146F5F720FB4FF0000B67
:10EC3000044621462046F5F721FC01468046F5F7BB
:10EC40001DFC414605462046F5F718FC6B498246F7
:10EC50002846F5F713FC6A49F5F708FB2946F5F74E
:10EC60000DFC6849F5F702FB2946F5F707FC6649F4
:10EC7000F5F7FCFA2946F5F701FC6449F5F7F6FAD1
:10EC80002946F5F7FBFB6249F5F7F0FA4146F5F73F
:10EC9000F5FB604901902846F5F7F0FB5E49F5F772
:10ECA000E5FA2946F5F7EAFB5C49F5F7DFFA29466C
:10ECB000F5F7E4FB5A49F5F7D9FA2946F5F7DEFBF3
:10ECC0005849F5F7D3FA2946F5F7D8FB5649F5F731
:10ECD000CDFA019B01461846F5F7C8FA5146F5F7FB
:10ECE000CDFB5946F5F7C2FA4146F5F7C7FB594641
:10ECF000F5F7BCFA4D4905465046F5F7BFFB2946E6
:10ED0000F5F7B4FA014680462046F5F7AFFA384BDE
:10ED1000994505462EDA012E28D0454E014606EAD1
:10ED200000073248F5F75EFC2146054606EA000476
:10ED30003846F5F799FA01464046F5F795FA214627
:10ED4000F5F79CFB214606463846F5F797FB4FF052
:10ED50007E51F5F78BFA01463046F5F787FA2946DA
:10ED6000F5F78CFB2146F5F781FA0546284603B0F6
:10ED7000BDE8F08F3046F5F72DFB294606462846BC
:10ED8000F5F77CFB314681462846F5F76FFA0146D8
:10ED90004846F5F727FC4146F5F766FA0146204656
:10EDA000F5F762FA0146F5F761FA01463046F5F7E4
:10EDB0005BFABF1707F002070446C7F10100F5F739
:10EDC00009FB01462046F5F759FB0546284603B0E6
:10EDD000BDE8F08F204600F02DF801464FF07E5040
:10EDE000F5F700FC0546C1E72546BFE7000080BFF8
:10EDF00040A12C3FDA0F493F682122338453D93791
:10EE00007AC09538B937813948DEBE3A1F37113C90
:10EE1000D10D5D3D5FAE9BB745F4A338C8261A3AC5
:10EE200016696B3BA427B33C8988083EABAAAA3E6F
:10EE300000F0FFFF20F00040704700BFF8B5C0F3BE
:10EE4000C7557F3D162D044620F0004724DC002DD9
:10EE5000064614DB164F2F4138421BD01549F5F7F3
:10EE600005FA0021F5F7C6FCA0B1002C04DA4FF436
:10EE7000000343FA05F52E4426EA0700F8BD0D49C4
:10EE8000F5F7F4F90021F5F7B5FC18B1002C0ADB11
:10EE90000020F8BD2046F8BDB7F1FF4FFAD3014678
:10EEA000F5F7E4F9F8BD002FF4D00348F8BD00BF32
:10EEB000FFFF7F00CAF24971000080BF30F0004CB4
:10EEC000034625D0BCF1FF4F10B51DD210F0FF4F07
:10EED00002460C461DD14FF09841F5F7CFFA234A70
:10EEE0009442034632DBC0F3C75C0246ACF1190022
:10EEF00000EB040CBCF1FE0F12DD1D49184661F356
:10EF00001E00F5F7BBFA10BD0146F5F7AFF910BDCD
:10EF100070474FEADC5000EB040CBCF1FE0FECDC58
:10EF2000BCF1000F0DDC1CF1160F13DA4CF250325D
:10EF30009442E2DC0F49184661F31E00F5F79EFA91
:10EF400010BD22F0FF4040EACC5010BD0949F5F752
:10EF500095FA10BD0CF1190022F0FF424FF04C5110
:10EF600042EAC050F5F78AFA10BD00BFB03CFFFF7F
:10EF7000CAF249716042A20DF8B500BFF8BC08BCE6
:10EF80009E467047F8B500BFF8BC08BC9E46704767
:10EF9000191B12131D1516171A090A0B1E0D0E0F39
:10EFA0000000000000000000010203040607080939
:10EFB000000000000102030402040608020C08100D
:10EFC0000000000000000000010203040607080919
:10EFD000B4F20008010000007F0000003C060020A1
:10EFE000C0F2000801000000200000003D060020E3
:10EFF000CCF2000801000000C80019003F06002004
:10F00000D8F2000801000000C800000042060020FD
:10F01000E4F2000800000000010001003E060020AC
:10F02000F4F200080000000001000100400600208A
:10F030000CF3000802001400EC27D0070E0000209B
:10F0400018F300080100020040000E00A705002090
:10F0500024F3000800000000010000009D050020CE
:10F0600034F3000800000000010000009E050020AD
:10F0700044F30008010000000B000500AA05002071
:10F0800050F300080100000002000100A10500206B
:10F0900060F300080100080090001800A40500209B
:10F0A00070F3000801000100C800A00091050020D5
:10F0B0007CF30008010000003200040092050020EB
:10F0C0008CF3000800000000010000009F050020F4
:10F0D0009CF300080000000001000100A0050020D2
:10F0E000A8F300080000000001000100A2050020B4
:10F0F000C0F30008010000001E001A00A305002054
:10F10000D0F300080000000001000000BB05002053
:10F11000E0F300080100320096000A00A505002077
:10F12000F0F3000801000000C8000000B80500204E
:10F1300000F4000801004600FF00FF00B7050020B2
:10F1400014F400080000000001000000B0050020D9
:10F1500028F400080200FA005E012C0118000020CB
:10F1600040F400080000000001000100A805002094
:10F1700050F40008010001000A000A00B605002052
:10F1800068F40008010001000A000A00B50500202B
:10F190007CF400080100000005000500BA0500200D
:10F1A00090F4000801000000640000004106002007
:10F1B000A0F400080300000004000000BC050020CB
:10F1C0000103010123A004000A640032023035313A
:10F1D000200000000101011A1864370E000005002C
:10F1E00080808032003200000F0A0A8D660601001E
:10F1F000000810160103010123A004000A64003274
:10F2000002303531200000000101011A1864370E68
:10F210000000050080808032003200000F0A0A8D55
:10F2200066060100636F6D2E666C79696E677263A6
:10F230002E6573635F373561000000002573234D31
:10F24000257500004E6F20757064617465207768C5
:10F25000696C652072756E6E696E67004E6F207303
:10F26000617665207768696C652072756E6E696E6F
:10F270006700000073617665642073657474696E5D
:10F2800067730000726573657474696E6720746FCC
:10F290002064656661756C74730000004E6F2065B4
:10F2A00072617365207768696C652072756E6E692E
:10F2B0006E67000043414E5F4E4F44450000000022
:10F2C0004553435F494E44455800000054454C4562
:10F2D0004D5F52415445000044454255475F5241FD
:10F2E00054450000524551554952455F41524D49E0
:10F2F0004E470000524551554952455F5A45524FBD
:10F300005F5448524F54544C450000004D4F544FE9
:10F31000525F4B56000000004D4F544F525F504F0C
:10F320004C4553004449525F52455645525345445B
:10F330000000000042495F444952454354494F4E42
:10F34000414C0000424545505F564F4C554D4500DD
:10F350005641524941424C455F50574D0000000014
:10F3600050574D5F4652455155454E435900000098
:10F370004D41585F52414D50000000004D494E5FD5
:10F38000445554595F4359434C4500005553455F1C
:10F3900053494E5F5354415254000000434F4D5067
:10F3A0005F50574D00000000535455434B5F524F80
:10F3B000544F525F50524F54454354494F4E0000F2
:10F3C000414456414E43455F4C4556454C00000074
:10F3D0004155544F5F414456414E434500000000A3
:10F3E000535441525455505F504F574552000000FE
:10F3F00043555252454E545F4C494D49540000000C
:10F4000054454D50455241545552455F4C494D4924
:10F41000540000004C4F575F564F4C544147455FD6
:10F420004355544F4646000043454C4C5F564F4CA5
:10F43000544147455F5448524553484F4C4400009F
:10F440004252414B455F4F4E5F53544F50000000B6
:10F4500044524956494E475F4252414B455F5354CF
:10F4600052454E4754480000445241475F42524182
:10F470004B455F535452454E47544800494E5055F2
:10F48000545F5349474E414C5F545950450000006A
:10F49000494E5055545F46494C5445525F485A00B6
:10F4A000535441525455505F54554E4500232D300E
:10F4B0002B2000686C4C006566674546470030317C
:10F4C00032333435363738394142434445460030CB
:10F4D00031323334353637383961626364656600FA
:10F4E000000FC93F000F494000CB9640000FC940B4
:10F4F0000053FB4000CB164100ED2F41000F494166
:10F500000031624100537B41003A8A4100CB964171
:10F51000005CA34100EDAF41007EBC41000FC9413A
:10F5200000A0D5410031E24100C2EE410053FB4151
:10F5300000F20342003A0A420083104200CB164216
:10F5400000141D42005C234200A5294200ED2F4219
:10F5500000363642007E3C4200C74242000F49421C
:10F56000A2000000F9000000830000006E0000000F
:10F570004E000000440000001500000029000000BB
:10F58000FC0000002700000057000000D100000030
:10F59000F500000034000000DD000000C0000000A5
:10F5A000DB000000620000009500000099000000F0
:10F5B0003C000000430000009000000041000000FB
:10F5C000FE0000005100000063000000AB000000DE
:10F5D000DE000000BB000000C5000000610000006C
:10F5E000B7000000240000006E0000003A00000098
:10F5F000420000004D000000D2000000E0000000CA
:10F6000006000000490000002E000000EA00000093
:10F6100009000000D1000000920000001C00000062
:10F62000FE0000001D000000EB0000001C000000B8
:10F63000B100000029000000A70000003E0000000B
:10F64000E80000008200000035000000F500000026
:10F650002E000000BB0000004400000084000000F9
:10F66000E90000009C00000070000000260000007F
:10F67000B40000005F0000007E00000041000000B8
:10F680003900000091000000D600000039000000A1
:10F69000830000005300000039000000F400000067
:10F6A0009C000000840000005F0000008B00000050
:10F6B000BD000000F9000000280000003B00000031
:10F6C0001F000000F800000097000000FF0000008D
:10F6D000DE00000005000000980000000F000000A0
:10F6E000EF0000002F000000110000008B00000060
:10F6F0005A0000000A0000006D0000001F0000001A
:10F700006D000000360000007E000000CF00000009
:10F7100027000000CB00000009000000B700000037
:10F720004F000000460000003F000000660000009F
:10F730009E0000005F000000EA0000002D000000B5
:10F740007500000027000000BA000000C70000009C
:10F75000EB000000E5000000F10000007B0000006D
:10F760003D0000000700000039000000F700000025
:10F770008A0000005200000092000000EA00000031
:10F780006B000000FB0000005F000000B100000003
:10F790001F0000008D0000005D0000000800000058
:10F7A000560000000300000030000000460000008A
:10F7B000FC0000007B0000006B000000AB000000BC
:10F7C000F0000000CF000000BC000000200000009E
:10F7D0009A000000F4000000360000001D00000048
:10F7E000A9000000E300000091000000610000009B
:10F7F0005E000000E60000001B00000008000000A2
:10F800006500000099000000850000005F00000016
:10F8100014000000A000000068000000400000008C
:10F820008D000000FF000000D800000080000000F4
:10F830004D000000730000002700000031000000B0
:10F840000600000006000000150000005600000041
:10F85000CA00000073000000A8000000C9000000FA
:10F8600060000000E20000007B000000C00000001B
:10F870008C0000006B0000000000C93F0000F03960
:10F880000000DA370000A2330000842E0000502B65
:10F890000000C2270000D0220000C41F0000C61BC9
:10F8A00000004417040000000700000009000000E9
:10F8B000C84FFF7F010000004542000821420008B8
:10F8C0000000F801086F176F172D007800C800D0EE
:10F8D000074C046C07DC0564004A012D0090010010
:10F8E00000000000009001000000000000E803009C
:10F8F0000000000000000000000000000000000008
:10F9000000204E0000A08601000201010114004603
:10F9100000DC05010601010100D430000005010AE8
:10F9200000E803000010270000000000000A0000AB
:10F930000000000000640000000000000000000063
:10F940000000000000000000001027000050C3006D
:10F9500000B400D007D0070000B400B700BA00BD63
:10F9600000C100C400C700CA00CD00D000D300D63B
:10F9700000D900DC00E000E300E600E900EC00EF65
:10F9800000F200F500F700FA00FD00000103010697
:10F990000109010B010E0111011301160119011BCF
:10F9A000011E0120012301250128012A012C012F1C
:10F9B0000131013301350138013A013C013E01407A
:10F9C00001420144014601470149014B014D014EED
:10F9D0000150015101530154015601570158015A78
:10F9E000015B015C015D015E015F0160016101621B
:10F9F00001630163016401650165016601660167D8
:10FA000001670167016801680168016801680168B0
:10FA100001680168016801670167016701660166A5
:10FA200001650165016401630163016201610160B7
:10FA3000015F015E015D015C015B015A01580157E4
:10FA400001560154015301510150014E014D014B2A
:10FA5000014901470146014401420140013E013C88
:10FA6000013A0138013501330131012F012C012AFE
:10FA70000128012501230120011E011B0119011686
:10FA800001130111010E010B01090106010301001F
:10FA900001FD00FA00F700F500F200EF00EC00E9CC
:10FAA00000E600E300E000DC00D900D600D300D07F
:10FAB00000CD00CA00C700C400C100BD00BA00B735
:10FAC00000B400B100AE00AB00A700A400A1009EEE
:10FAD000009B009800950092008F008C00880085A4
:10FAE0000082007F007C0079007600730071006E58
:10FAF000006B006800650062005F005D005A0057FF
:10FB000000550052004F004D004A00480045004398
:10FB10000040003E003C0039003700350033003023
:10FB2000002E002C002A002800260024002200219C
:10FB3000001F001D001B001A0018001700150014FC
:10FB4000001200110010000E000D000C000B000A46
:10FB50000009000800070006000500050004000376
:10FB6000000300020002000100010001000000008B
:10FB70000000000000000000000000000000000184
:10FB80000001000100020002000300030004000560
:10FB900000050006000700080009000A000B000C21
:10FBA000000D000E001000110012001400150017C7
:10FBB0000018001A001B001D001F00210022002455
:10FBC00000260028002A002C002E003000330035CB
:10FBD00000370039003C003E00400043004500482B
:10FBE000004A004D004F005200550057005A005D7A
:10FBF000005F006200650068006B006E00710073BA
:10FC000000760079007C007F008200850088008CEF
:10FC1000008F009200950098009B009E00A100A418
:10FC200000A700AB00AE00B1002D001E030300646E
:10FC30001900000000010000000000000032000078
:10FC400000000000000000000000000000000000B4
:10FC5000001027000050C3000002002D00D200D089
:10FC60000764000500E8030614013278004B000128
:10FC7000005A005A001E000201FA000000204E2027
:10FC80000050C3180700127A00D2040000FE2A01B7
:10FC900000D403002000000000000000000000006D
:10FCA0000000000000000000000000000000000054
:10FCB0000000000000000000000000000000000044
:10FCC0000000000000000000000000000000000034
:10FCD0000000000000000000000000000000000024
:10FCE0000000000000000000000000000000000014
:05FCF00000000000000F
:0400000508000000EF
:00000001FF
